variant_id,dominant_mechanism,attribution_method
1:177901632:C:T,AF,permutation_importance
1:205318912:A:C,AF,permutation_importance
1:84304284:A:G,AF,permutation_importance
1:26849628:A:G,AF,permutation_importance
1:158475135:T:G,AF,permutation_importance
1:232426986:T:C,AF,permutation_importance
1:84732726:T:C,AF,permutation_importance
1:75125801:C:T,AF,permutation_importance
1:234726440:G:A,AF,permutation_importance
1:219491286:C:A,AF,permutation_importance
1:114928619:C:T,AF,permutation_importance
1:48875308:C:T,AF,permutation_importance
1:226191413:G:A,AF,permutation_importance
1:7719897:C:A,AF,permutation_importance
1:190588830:T:C,AF,permutation_importance
1:85792920:A:G,AF,permutation_importance
1:56536587:G:A,AF,permutation_importance
1:26392624:T:C,AF,permutation_importance
1:42376971:T:C,AF,permutation_importance
1:236236142:G:T,AF,permutation_importance
1:63704826:T:C,AF,permutation_importance
1:177973870:C:A,AF,permutation_importance
1:2236736:C:T,AF,permutation_importance
1:177128105:A:G,AF,permutation_importance
1:215541369:A:G,AF,permutation_importance
1:196194378:G:A,AF,permutation_importance
1:30503877:G:A,AF,permutation_importance
1:79118634:G:A,AF,permutation_importance
1:92902943:G:T,AF,permutation_importance
1:222930054:T:C,AF,permutation_importance
1:241448591:G:T,AF,permutation_importance
1:46314101:G:A,AF,permutation_importance
1:176565378:G:A,AF,permutation_importance
1:170377023:C:T,AF,permutation_importance
1:212538448:C:T,AF,permutation_importance
1:80587979:T:C,AF,permutation_importance
1:205071598:A:G,AF,permutation_importance
1:192811368:A:G,AF,permutation_importance
1:178675931:T:C,AF,permutation_importance
1:214289885:G:A,AF,permutation_importance
1:213944899:T:C,AF,permutation_importance
1:101942784:T:G,AF,permutation_importance
1:3384566:T:G,AF,permutation_importance
1:11042218:A:G,AF,permutation_importance
1:97720673:T:C,AF,permutation_importance
1:96164798:T:C,AF,permutation_importance
1:29057852:G:T,AF,permutation_importance
1:216358363:C:T,AF,permutation_importance
1:12045275:T:G,AF,permutation_importance
1:67593920:C:A,AF,permutation_importance
1:23018558:C:T,AF,permutation_importance
1:229994803:G:A,AF,permutation_importance
1:6317875:G:A,AF,permutation_importance
1:68185896:T:C,AF,permutation_importance
1:205874318:G:A,AF,permutation_importance
1:26395432:G:A,AF,permutation_importance
1:210757263:T:C,AF,permutation_importance
1:62723263:C:T,AF,permutation_importance
1:161683947:T:C,AF,permutation_importance
1:118711354:C:T,AF,permutation_importance
1:28414495:T:C,AF,permutation_importance
1:163503032:C:T,AF,permutation_importance
1:43866602:A:C,AF,permutation_importance
1:203516014:C:T,AF,permutation_importance
1:244867972:A:C,AF,permutation_importance
1:81435398:C:A,AF,permutation_importance
1:175001369:G:T,AF,permutation_importance
1:156207378:A:C,AF,permutation_importance
1:23885972:A:G,AF,permutation_importance
1:89345177:G:A,AF,permutation_importance
1:207935840:G:A,AF,permutation_importance
1:24907571:T:G,AF,permutation_importance
1:53364714:T:C,AF,permutation_importance
1:45750903:T:C,AF,permutation_importance
1:243249971:C:T,AF,permutation_importance
1:203573117:G:A,AF,permutation_importance
1:174149316:A:G,AF,permutation_importance
1:194333226:C:T,AF,permutation_importance
1:103254052:C:T,AF,permutation_importance
1:37560999:C:T,AF,permutation_importance
1:15139801:G:A,AF,permutation_importance
1:18338706:G:A,AF,permutation_importance
1:109616113:C:T,AF,permutation_importance
1:101206895:G:A,AF,permutation_importance
1:202224753:T:C,AF,permutation_importance
1:243298851:T:G,AF,permutation_importance
1:67827570:C:T,AF,permutation_importance
1:170314295:C:T,AF,permutation_importance
1:97830671:C:T,AF,permutation_importance
1:191873561:A:G,AF,permutation_importance
1:224484303:A:G,AF,permutation_importance
1:193308278:G:A,AF,permutation_importance
1:244468519:C:T,AF,permutation_importance
1:195299980:A:G,AF,permutation_importance
1:195081377:T:C,AF,permutation_importance
1:22168765:G:A,AF,permutation_importance
1:200914418:G:A,AF,permutation_importance
1:161440332:C:A,AF,permutation_importance
1:237797505:G:T,AF,permutation_importance
1:104638124:T:C,AF,permutation_importance
1:193186506:G:T,AF,permutation_importance
1:159755065:A:C,AF,permutation_importance
1:62529592:C:T,AF,permutation_importance
1:151114443:T:G,AF,permutation_importance
1:56253538:C:T,AF,permutation_importance
1:200342386:T:G,AF,permutation_importance
1:105547842:A:G,AF,permutation_importance
1:178025651:C:A,AF,permutation_importance
1:227003310:A:G,AF,permutation_importance
1:230143835:A:G,AF,permutation_importance
1:42390778:A:G,AF,permutation_importance
1:7623970:G:A,AF,permutation_importance
1:156595594:T:C,AF,permutation_importance
1:189441200:C:T,AF,permutation_importance
1:89438986:C:A,AF,permutation_importance
1:234948652:C:T,AF,permutation_importance
1:24192066:C:T,AF,permutation_importance
1:96062825:C:T,AF,permutation_importance
1:1331905:C:T,AF,permutation_importance
1:204992970:G:A,AF,permutation_importance
1:230302243:C:T,AF,permutation_importance
1:70114134:A:G,AF,permutation_importance
1:109540264:C:T,AF,permutation_importance
1:237308804:T:G,AF,permutation_importance
1:196255208:G:A,AF,permutation_importance
1:70043638:C:T,AF,permutation_importance
1:176179406:A:G,AF,permutation_importance
1:97613672:T:C,AF,permutation_importance
1:114902329:G:A,AF,permutation_importance
1:6874235:A:G,AF,permutation_importance
1:25734775:C:A,AF,permutation_importance
1:44464754:T:G,AF,permutation_importance
1:236718274:G:T,AF,permutation_importance
1:90742957:A:C,AF,permutation_importance
1:115235376:T:C,AF,permutation_importance
1:47107534:G:A,AF,permutation_importance
1:68200455:T:G,AF,permutation_importance
1:185112442:A:G,AF,permutation_importance
1:3971019:T:C,AF,permutation_importance
1:182538900:A:G,AF,permutation_importance
1:28698944:A:G,AF,permutation_importance
1:233887398:T:C,AF,permutation_importance
1:197174488:G:A,AF,permutation_importance
1:25515140:C:T,AF,permutation_importance
1:28515828:C:T,AF,permutation_importance
1:155065520:C:T,AF,permutation_importance
1:44721658:G:A,AF,permutation_importance
1:213285978:A:G,AF,permutation_importance
1:203667423:G:T,AF,permutation_importance
1:71366065:C:T,AF,permutation_importance
1:222572271:A:G,AF,permutation_importance
1:196709475:G:A,AF,permutation_importance
1:117615733:A:G,AF,permutation_importance
1:201772989:T:C,AF,permutation_importance
1:224645047:T:C,AF,permutation_importance
1:15630115:A:G,AF,permutation_importance
1:248359334:C:T,AF,permutation_importance
1:191243672:T:C,AF,permutation_importance
1:9321491:C:T,AF,permutation_importance
1:182543629:T:C,AF,permutation_importance
1:51845084:A:G,AF,permutation_importance
1:217606748:A:C,AF,permutation_importance
1:90730619:T:C,AF,permutation_importance
1:236322349:A:C,AF,permutation_importance
1:150134673:T:G,AF,permutation_importance
1:53098820:C:T,AF,permutation_importance
1:174392249:A:G,AF,permutation_importance
1:6720759:T:C,AF,permutation_importance
1:109886492:A:G,AF,permutation_importance
1:15604107:A:G,AF,permutation_importance
1:30672622:T:C,AF,permutation_importance
1:172204578:C:T,AF,permutation_importance
1:183968014:G:A,AF,permutation_importance
1:106499824:G:A,AF,permutation_importance
1:88713555:G:T,AF,permutation_importance
1:234692287:G:A,AF,permutation_importance
1:176299470:A:G,AF,permutation_importance
1:195082853:G:T,AF,permutation_importance
1:105052368:C:T,AF,permutation_importance
1:20991031:G:A,AF,permutation_importance
1:189348916:G:A,AF,permutation_importance
1:204762913:C:T,AF,permutation_importance
1:113572095:T:C,AF,permutation_importance
1:171835000:A:G,AF,permutation_importance
1:169145896:G:T,AF,permutation_importance
1:189136938:C:T,AF,permutation_importance
1:63050890:G:A,AF,permutation_importance
1:77312909:C:T,AF,permutation_importance
1:195297042:C:T,AF,permutation_importance
1:97284970:T:C,AF,permutation_importance
1:10611902:T:C,AF,permutation_importance
1:46700057:C:T,AF,permutation_importance
1:29557637:G:A,AF,permutation_importance
1:32585204:C:T,AF,permutation_importance
1:199741230:C:T,AF,permutation_importance
1:189660201:A:G,AF,permutation_importance
1:172097710:G:A,AF,permutation_importance
1:109652373:C:T,AF,permutation_importance
1:22186791:C:T,AF,permutation_importance
1:91854703:T:C,AF,permutation_importance
1:70939946:A:C,AF,permutation_importance
1:181273902:G:T,AF,permutation_importance
1:105316631:G:A,AF,permutation_importance
1:56549645:C:T,AF,permutation_importance
1:8930538:C:T,AF,permutation_importance
1:222921670:A:G,AF,permutation_importance
1:100541021:A:G,AF,permutation_importance
1:69411380:C:T,AF,permutation_importance
1:199637691:A:C,AF,permutation_importance
1:21950193:G:A,AF,permutation_importance
1:93383233:G:T,AF,permutation_importance
1:160983878:G:A,AF,permutation_importance
1:158176742:C:T,AF,permutation_importance
1:6836225:T:G,AF,permutation_importance
1:183066920:A:G,AF,permutation_importance
1:102460162:G:T,AF,permutation_importance
1:26945028:A:G,AF,permutation_importance
1:150575271:G:A,AF,permutation_importance
1:23723749:G:T,AF,permutation_importance
1:147415264:G:A,AF,permutation_importance
1:159712495:G:A,AF,permutation_importance
1:79564816:G:A,AF,permutation_importance
1:188078217:T:C,AF,permutation_importance
1:85445210:C:A,AF,permutation_importance
1:7189489:C:T,AF,permutation_importance
1:8897075:G:A,AF,permutation_importance
1:34991760:A:G,AF,permutation_importance
1:157387642:T:C,AF,permutation_importance
1:166178927:A:G,AF,permutation_importance
1:16099847:A:G,AF,permutation_importance
1:161004237:C:T,AF,permutation_importance
1:169295249:C:T,AF,permutation_importance
1:31642211:C:T,AF,permutation_importance
1:150853154:G:A,AF,permutation_importance
1:118552650:A:C,AF,permutation_importance
1:45560656:A:C,AF,permutation_importance
1:14395108:G:A,AF,permutation_importance
1:53351548:T:C,AF,permutation_importance
1:1287868:C:T,AF,permutation_importance
1:26352809:C:T,AF,permutation_importance
1:96521486:G:A,AF,permutation_importance
1:104812278:T:C,AF,permutation_importance
1:233007560:C:T,AF,permutation_importance
1:55552901:G:A,AF,permutation_importance
1:239992904:A:G,AF,permutation_importance
1:80392781:A:G,AF,permutation_importance
1:2993832:T:C,AF,permutation_importance
1:79190959:C:T,AF,permutation_importance
1:49148229:G:A,AF,permutation_importance
1:53097134:C:T,AF,permutation_importance
1:30852034:T:C,AF,permutation_importance
1:2895352:C:T,AF,permutation_importance
1:78805779:G:A,AF,permutation_importance
1:240025574:A:G,AF,permutation_importance
1:209933700:A:C,AF,permutation_importance
1:4080801:A:G,AF,permutation_importance
1:6710132:A:G,AF,permutation_importance
1:78076589:C:A,AF,permutation_importance
1:179076365:C:A,AF,permutation_importance
1:98064842:A:G,AF,permutation_importance
1:234620672:G:T,AF,permutation_importance
1:184483861:G:T,AF,permutation_importance
1:3223178:T:C,AF,permutation_importance
1:36635097:C:T,AF,permutation_importance
1:232838654:A:G,AF,permutation_importance
1:79119432:G:A,AF,permutation_importance
1:214797844:A:G,AF,permutation_importance
1:205234050:G:A,AF,permutation_importance
1:103009930:C:T,AF,permutation_importance
1:213215571:A:G,AF,permutation_importance
1:230947293:G:A,AF,permutation_importance
1:192615170:A:C,AF,permutation_importance
1:114980199:A:C,AF,permutation_importance
1:51064379:A:G,AF,permutation_importance
1:92572599:A:G,AF,permutation_importance
1:20758078:G:A,AF,permutation_importance
1:180106676:C:A,AF,permutation_importance
1:186688862:G:A,AF,permutation_importance
1:194332529:A:G,AF,permutation_importance
1:102922762:G:A,AF,permutation_importance
1:110717494:C:A,AF,permutation_importance
1:78076589:C:A,AF,permutation_importance
1:28421401:T:G,AF,permutation_importance
1:2395479:G:A,AF,permutation_importance
1:156693486:C:T,AF,permutation_importance
1:245793091:C:T,AF,permutation_importance
1:190182874:G:T,AF,permutation_importance
1:223125617:G:A,AF,permutation_importance
1:227385804:T:C,AF,permutation_importance
1:46812159:C:T,AF,permutation_importance
1:111855365:T:C,AF,permutation_importance
1:38290568:T:C,AF,permutation_importance
1:238109806:G:A,AF,permutation_importance
1:73392041:G:T,AF,permutation_importance
1:9278900:C:T,AF,permutation_importance
1:11997994:C:A,AF,permutation_importance
1:63726290:C:T,AF,permutation_importance
1:13698233:T:C,AF,permutation_importance
1:54373860:A:G,AF,permutation_importance
1:109557236:T:C,AF,permutation_importance
1:94591457:T:C,AF,permutation_importance
1:147670575:T:G,AF,permutation_importance
1:114405772:G:A,AF,permutation_importance
1:147776077:G:A,AF,permutation_importance
1:52435151:A:G,AF,permutation_importance
1:27626695:T:C,AF,permutation_importance
1:190186503:C:T,AF,permutation_importance
1:8558278:T:C,AF,permutation_importance
1:4908798:C:T,AF,permutation_importance
1:50786433:G:A,AF,permutation_importance
1:50094703:C:T,AF,permutation_importance
1:195595020:A:C,AF,permutation_importance
1:5689166:G:A,AF,permutation_importance
1:192466243:T:C,AF,permutation_importance
1:36107972:C:A,AF,permutation_importance
1:117614363:T:G,AF,permutation_importance
1:243163528:T:C,AF,permutation_importance
1:26885718:T:C,AF,permutation_importance
1:232060764:T:C,AF,permutation_importance
1:31099724:T:C,AF,permutation_importance
1:170628154:T:C,AF,permutation_importance
1:45853424:G:A,AF,permutation_importance
1:113716260:T:G,AF,permutation_importance
1:2320752:A:G,AF,permutation_importance
1:190113497:C:T,AF,permutation_importance
1:184346335:A:G,AF,permutation_importance
1:10676750:C:T,AF,permutation_importance
1:14404541:A:G,AF,permutation_importance
1:199952870:T:C,AF,permutation_importance
1:67998563:G:A,AF,permutation_importance
1:50793907:T:C,AF,permutation_importance
1:203048371:G:A,AF,permutation_importance
1:244305108:G:T,AF,permutation_importance
1:111313647:C:T,AF,permutation_importance
1:97789565:G:A,AF,permutation_importance
1:188257398:A:G,AF,permutation_importance
1:215243566:A:G,AF,permutation_importance
1:200142718:T:C,AF,permutation_importance
1:109470593:A:G,AF,permutation_importance
1:99210056:C:T,AF,permutation_importance
1:50337183:C:T,AF,permutation_importance
1:175489290:T:C,AF,permutation_importance
1:185793435:C:T,AF,permutation_importance
1:6317505:A:C,AF,permutation_importance
1:77303805:T:C,AF,permutation_importance
1:96435845:A:G,AF,permutation_importance
1:211447727:G:A,AF,permutation_importance
1:169454634:G:A,AF,permutation_importance
1:213820960:A:G,AF,permutation_importance
1:221204093:A:C,AF,permutation_importance
1:230846891:C:A,AF,permutation_importance
1:106664260:C:A,AF,permutation_importance
1:46742325:T:C,AF,permutation_importance
1:168985475:T:C,AF,permutation_importance
1:24515696:C:T,AF,permutation_importance
1:207950349:C:A,AF,permutation_importance
1:55394970:C:T,AF,permutation_importance
1:55275087:G:A,AF,permutation_importance
1:15316416:T:C,AF,permutation_importance
1:229845096:G:T,AF,permutation_importance
1:93313106:G:A,AF,permutation_importance
1:211631751:A:G,AF,permutation_importance
1:212332320:A:G,AF,permutation_importance
1:246756276:T:C,AF,permutation_importance
1:57817946:C:T,AF,permutation_importance
1:114919905:C:T,AF,permutation_importance
1:52437584:C:T,AF,permutation_importance
1:162217828:C:T,AF,permutation_importance
1:22491224:A:G,AF,permutation_importance
1:113383248:G:A,AF,permutation_importance
1:65471852:C:A,AF,permutation_importance
1:16079667:T:C,AF,permutation_importance
1:157963513:G:A,AF,permutation_importance
1:179572040:T:C,AF,permutation_importance
1:219671470:T:C,AF,permutation_importance
1:38273412:A:G,AF,permutation_importance
1:9275114:G:T,AF,permutation_importance
1:169379278:G:A,AF,permutation_importance
1:76894464:G:A,AF,permutation_importance
1:66923262:T:C,AF,permutation_importance
1:2810631:C:A,AF,permutation_importance
1:45532907:T:G,AF,permutation_importance
1:154578248:C:T,AF,permutation_importance
1:82427312:A:G,AF,permutation_importance
1:107493165:C:T,AF,permutation_importance
1:30987491:A:G,AF,permutation_importance
1:6903357:G:A,AF,permutation_importance
1:20820455:T:C,AF,permutation_importance
1:33298460:C:T,AF,permutation_importance
1:6725886:G:T,AF,permutation_importance
1:111590208:A:G,AF,permutation_importance
1:22154991:C:T,AF,permutation_importance
1:51887474:G:A,AF,permutation_importance
1:188464710:T:C,AF,permutation_importance
1:93024715:A:G,AF,permutation_importance
1:159201215:G:A,AF,permutation_importance
1:79356841:A:G,AF,permutation_importance
1:77128921:T:C,AF,permutation_importance
1:62208849:C:T,AF,permutation_importance
1:9388704:T:C,AF,permutation_importance
1:107186496:C:T,AF,permutation_importance
1:65598430:T:C,AF,permutation_importance
1:57331134:G:A,AF,permutation_importance
1:6315517:C:T,AF,permutation_importance
1:158316015:A:G,AF,permutation_importance
1:165713952:C:A,AF,permutation_importance
1:6675204:A:C,AF,permutation_importance
1:191484726:T:C,AF,permutation_importance
1:49569654:T:C,AF,permutation_importance
1:47723898:A:G,AF,permutation_importance
1:111690926:A:G,AF,permutation_importance
1:62850012:T:C,AF,permutation_importance
1:61026102:C:T,AF,permutation_importance
1:236048738:G:A,AF,permutation_importance
1:203405623:A:G,AF,permutation_importance
1:117437210:A:C,AF,permutation_importance
1:30980286:C:T,AF,permutation_importance
1:9971378:G:A,AF,permutation_importance
1:37390462:G:T,AF,permutation_importance
1:90667291:C:T,AF,permutation_importance
1:157315948:C:T,AF,permutation_importance
1:151034063:C:A,AF,permutation_importance
1:57827444:T:C,AF,permutation_importance
1:150409359:A:G,AF,permutation_importance
1:101184853:C:T,AF,permutation_importance
1:158469789:T:C,AF,permutation_importance
1:243485767:G:A,AF,permutation_importance
1:218423930:G:A,AF,permutation_importance
1:119674935:G:A,AF,permutation_importance
1:43444372:T:C,AF,permutation_importance
1:175230359:A:C,AF,permutation_importance
1:26867841:A:G,AF,permutation_importance
1:111729379:C:T,AF,permutation_importance
1:66652221:A:G,AF,permutation_importance
1:189163287:A:G,AF,permutation_importance
1:47495306:G:A,AF,permutation_importance
1:86111138:T:C,AF,permutation_importance
1:65951064:C:T,AF,permutation_importance
1:30356137:C:A,AF,permutation_importance
1:72459341:A:G,AF,permutation_importance
1:219759305:A:G,AF,permutation_importance
1:28470208:C:T,AF,permutation_importance
1:205036974:T:C,AF,permutation_importance
1:25702284:C:T,AF,permutation_importance
1:226374744:A:G,AF,permutation_importance
1:207713084:A:G,AF,permutation_importance
1:24907665:C:T,AF,permutation_importance
1:47120679:G:A,AF,permutation_importance
1:6339737:C:T,AF,permutation_importance
1:91228155:C:T,AF,permutation_importance
1:47241061:C:T,AF,permutation_importance
1:187865344:A:G,AF,permutation_importance
1:55035303:C:T,AF,permutation_importance
1:231827177:G:A,AF,permutation_importance
1:216520260:G:A,AF,permutation_importance
1:109336556:C:T,AF,permutation_importance
1:119475277:A:G,AF,permutation_importance
1:33311923:T:C,AF,permutation_importance
1:96035037:C:T,AF,permutation_importance
1:96688948:C:T,AF,permutation_importance
1:72511590:T:G,AF,permutation_importance
1:28069611:A:G,AF,permutation_importance
1:181820817:C:T,AF,permutation_importance
1:154319872:G:A,AF,permutation_importance
1:197539171:G:A,AF,permutation_importance
1:223847762:C:A,AF,permutation_importance
1:10100063:C:T,AF,permutation_importance
1:31537126:G:T,AF,permutation_importance
1:41312317:T:G,AF,permutation_importance
1:33632393:T:C,AF,permutation_importance
1:65435436:T:C,AF,permutation_importance
1:93198808:C:T,AF,permutation_importance
1:191478614:G:T,AF,permutation_importance
1:60132869:G:A,AF,permutation_importance
1:113328436:T:C,AF,permutation_importance
1:186474803:G:A,AF,permutation_importance
1:28378467:C:T,AF,permutation_importance
1:232857161:C:A,AF,permutation_importance
1:150213204:C:T,AF,permutation_importance
1:189698822:C:A,AF,permutation_importance
1:230909542:A:G,AF,permutation_importance
1:15595876:G:T,AF,permutation_importance
1:166675695:G:T,AF,permutation_importance
1:220806736:C:A,AF,permutation_importance
1:59679691:A:G,AF,permutation_importance
1:15644458:T:C,AF,permutation_importance
1:187173235:G:A,AF,permutation_importance
1:83050113:T:C,AF,permutation_importance
1:98810103:C:T,AF,permutation_importance
1:173568699:T:C,AF,permutation_importance
1:5747493:G:A,AF,permutation_importance
1:64961233:G:A,AF,permutation_importance
1:42528446:A:G,AF,permutation_importance
1:110775669:A:G,AF,permutation_importance
1:118995261:G:T,AF,permutation_importance
1:56602459:G:A,AF,permutation_importance
1:214312678:G:A,AF,permutation_importance
1:154507194:C:T,AF,permutation_importance
1:226744734:G:A,AF,permutation_importance
1:57722711:A:G,AF,permutation_importance
1:61004634:G:T,AF,permutation_importance
1:1271481:T:C,AF,permutation_importance
1:46426936:C:T,AF,permutation_importance
1:65586526:C:T,AF,permutation_importance
1:76597729:A:G,AF,permutation_importance
1:54697059:C:T,AF,permutation_importance
1:225531669:T:G,AF,permutation_importance
1:60915556:G:A,AF,permutation_importance
1:19192915:G:A,AF,permutation_importance
1:31555364:C:T,AF,permutation_importance
1:228957822:C:T,AF,permutation_importance
1:69859832:C:T,AF,permutation_importance
1:113103273:C:T,AF,permutation_importance
1:210022120:C:T,AF,permutation_importance
1:194881771:C:T,AF,permutation_importance
1:210060891:C:T,AF,permutation_importance
1:243746765:C:T,AF,permutation_importance
1:172894872:T:C,AF,permutation_importance
1:193261553:G:A,AF,permutation_importance
1:237681648:A:G,AF,permutation_importance
1:218719128:C:A,AF,permutation_importance
1:231988104:T:G,AF,permutation_importance
1:112121195:C:A,AF,permutation_importance
1:248398598:C:T,AF,permutation_importance
1:42216257:G:A,AF,permutation_importance
1:213506183:T:C,AF,permutation_importance
1:205293209:G:A,AF,permutation_importance
1:202109689:A:G,AF,permutation_importance
1:169284233:T:C,AF,permutation_importance
1:100641802:T:C,AF,permutation_importance
1:37534584:G:A,AF,permutation_importance
1:40208898:C:T,AF,permutation_importance
1:9586792:T:C,AF,permutation_importance
1:91163562:C:T,AF,permutation_importance
1:218685117:A:G,AF,permutation_importance
1:210721125:T:C,AF,permutation_importance
1:236674915:C:T,AF,permutation_importance
1:176250847:A:G,AF,permutation_importance
1:79143278:T:C,AF,permutation_importance
1:208898895:G:T,AF,permutation_importance
1:54820960:G:A,AF,permutation_importance
1:109628019:C:T,AF,permutation_importance
1:180626409:T:C,AF,permutation_importance
1:61889220:C:T,AF,permutation_importance
1:200676945:C:T,AF,permutation_importance
1:5709294:C:T,AF,permutation_importance
1:42014945:A:C,AF,permutation_importance
1:46919846:C:T,AF,permutation_importance
1:227304147:C:T,AF,permutation_importance
1:247486302:A:G,AF,permutation_importance
1:11798527:T:C,AF,permutation_importance
1:56109647:T:G,AF,permutation_importance
1:47136587:G:T,AF,permutation_importance
1:225555569:G:A,AF,permutation_importance
1:236646361:T:C,AF,permutation_importance
1:55729986:A:G,AF,permutation_importance
1:76730069:G:A,AF,permutation_importance
1:185349682:A:G,AF,permutation_importance
1:194214469:G:T,AF,permutation_importance
1:110874477:A:C,AF,permutation_importance
1:214065679:C:T,AF,permutation_importance
1:31833845:C:A,AF,permutation_importance
1:188418732:G:A,AF,permutation_importance
1:42670767:G:T,AF,permutation_importance
1:91245790:A:C,AF,permutation_importance
1:113168412:G:A,AF,permutation_importance
1:198020355:T:C,AF,permutation_importance
1:212916028:T:C,AF,permutation_importance
1:211957335:C:T,AF,permutation_importance
1:190547622:G:A,AF,permutation_importance
1:169285954:C:T,AF,permutation_importance
1:107739214:T:G,AF,permutation_importance
1:39466715:G:T,AF,permutation_importance
1:62104921:C:T,AF,permutation_importance
1:106855953:C:T,AF,permutation_importance
1:232850445:A:C,AF,permutation_importance
1:200057561:C:A,AF,permutation_importance
1:203610754:T:C,AF,permutation_importance
1:179867185:T:C,AF,permutation_importance
1:213164922:A:G,AF,permutation_importance
1:89905249:A:G,AF,permutation_importance
1:222545695:G:A,AF,permutation_importance
1:15601203:G:A,AF,permutation_importance
1:207514451:G:A,AF,permutation_importance
1:235372194:A:G,AF,permutation_importance
1:212742039:G:A,AF,permutation_importance
1:118703767:T:C,AF,permutation_importance
1:61667667:C:T,AF,permutation_importance
1:215665891:T:C,AF,permutation_importance
1:113015083:G:T,AF,permutation_importance
1:50751413:T:C,AF,permutation_importance
1:158489474:T:C,AF,permutation_importance
1:58016187:A:G,AF,permutation_importance
1:189009616:G:T,AF,permutation_importance
1:209860278:C:A,AF,permutation_importance
1:31874251:A:G,AF,permutation_importance
1:222448181:C:T,AF,permutation_importance
1:105547842:A:G,AF,permutation_importance
1:28744344:A:G,AF,permutation_importance
1:91203539:A:G,AF,permutation_importance
1:176922317:C:T,AF,permutation_importance
1:3086968:G:A,AF,permutation_importance
1:108092667:T:C,AF,permutation_importance
1:159966943:T:G,AF,permutation_importance
1:70376865:G:A,AF,permutation_importance
1:32729828:G:A,AF,permutation_importance
1:238499735:C:T,AF,permutation_importance
1:173913842:G:A,AF,permutation_importance
1:211945518:C:T,AF,permutation_importance
1:219471855:C:T,AF,permutation_importance
1:10119504:C:T,AF,permutation_importance
1:47935631:T:G,AF,permutation_importance
1:212778149:T:C,AF,permutation_importance
1:241347868:G:A,AF,permutation_importance
1:89274833:A:G,AF,permutation_importance
1:50785730:T:C,AF,permutation_importance
1:213296128:C:A,AF,permutation_importance
1:150413547:A:G,AF,permutation_importance
1:194924320:C:T,AF,permutation_importance
1:116993578:A:G,AF,permutation_importance
1:55379509:C:A,AF,permutation_importance
1:37229919:C:T,AF,permutation_importance
1:212155237:A:G,AF,permutation_importance
1:72461663:G:A,AF,permutation_importance
1:105461838:G:A,AF,permutation_importance
1:61016272:C:T,AF,permutation_importance
1:25078521:G:A,AF,permutation_importance
1:45760134:A:C,AF,permutation_importance
1:203659974:C:T,AF,permutation_importance
1:56549623:A:G,AF,permutation_importance
1:106677384:A:G,AF,permutation_importance
1:157418293:G:A,AF,permutation_importance
1:225444783:A:G,AF,permutation_importance
1:183201264:T:C,AF,permutation_importance
1:176606086:T:C,AF,permutation_importance
1:83377456:C:T,AF,permutation_importance
1:99080601:C:T,AF,permutation_importance
1:110288397:G:A,AF,permutation_importance
1:165966647:G:A,AF,permutation_importance
1:90232472:T:C,AF,permutation_importance
1:36595541:A:G,AF,permutation_importance
1:85865054:A:C,AF,permutation_importance
1:230173735:C:A,AF,permutation_importance
1:87345631:G:A,AF,permutation_importance
1:244517676:A:G,AF,permutation_importance
1:106231445:A:G,AF,permutation_importance
1:234712039:G:A,AF,permutation_importance
1:98846389:C:T,AF,permutation_importance
1:99851552:T:G,AF,permutation_importance
1:205089938:G:A,AF,permutation_importance
1:21399331:A:G,AF,permutation_importance
1:187328751:A:G,AF,permutation_importance
1:219603154:A:G,AF,permutation_importance
1:20291447:G:A,AF,permutation_importance
1:54500817:T:C,AF,permutation_importance
1:41384201:C:T,AF,permutation_importance
1:153323403:C:T,AF,permutation_importance
1:232693348:C:T,AF,permutation_importance
1:45651489:C:T,AF,permutation_importance
1:224841554:G:A,AF,permutation_importance
1:88611347:G:A,AF,permutation_importance
1:236524204:C:T,AF,permutation_importance
1:176718523:C:T,AF,permutation_importance
1:227322466:A:G,AF,permutation_importance
1:215364869:C:T,AF,permutation_importance
1:195015352:G:T,AF,permutation_importance
1:147049450:A:G,AF,permutation_importance
1:208268006:A:C,AF,permutation_importance
1:157903918:A:C,AF,permutation_importance
1:118054167:A:G,AF,permutation_importance
1:23516618:C:T,AF,permutation_importance
1:37580553:A:G,AF,permutation_importance
1:199336302:A:C,AF,permutation_importance
1:232118810:T:C,AF,permutation_importance
1:158702563:T:C,AF,permutation_importance
1:231344761:A:G,AF,permutation_importance
1:103300448:A:G,AF,permutation_importance
1:47404189:C:A,AF,permutation_importance
1:15790528:T:C,AF,permutation_importance
1:100289104:A:G,AF,permutation_importance
1:90679363:G:T,AF,permutation_importance
1:167877087:C:T,AF,permutation_importance
1:197879388:C:T,AF,permutation_importance
1:73563010:G:A,AF,permutation_importance
1:174909955:C:T,AF,permutation_importance
1:54418310:C:T,AF,permutation_importance
1:193314578:A:G,AF,permutation_importance
1:65209153:G:A,AF,permutation_importance
1:45823744:C:T,AF,permutation_importance
1:246131650:A:C,AF,permutation_importance
1:89940979:A:C,AF,permutation_importance
1:71017190:T:C,AF,permutation_importance
1:5242036:G:A,AF,permutation_importance
1:222713246:G:A,AF,permutation_importance
1:197563218:C:A,AF,permutation_importance
1:103865217:G:A,AF,permutation_importance
1:119702751:T:C,AF,permutation_importance
1:46648893:C:T,AF,permutation_importance
1:10298064:A:G,AF,permutation_importance
1:77188433:A:C,AF,permutation_importance
1:189099222:C:T,AF,permutation_importance
1:212014690:T:C,AF,permutation_importance
1:238760722:A:C,AF,permutation_importance
1:92064299:T:C,AF,permutation_importance
1:71344936:G:A,AF,permutation_importance
1:248786844:G:A,AF,permutation_importance
1:43405602:T:G,AF,permutation_importance
1:231141871:G:A,AF,permutation_importance
1:50184257:G:A,AF,permutation_importance
1:205240617:A:G,AF,permutation_importance
1:175301715:T:C,AF,permutation_importance
1:202755729:G:T,AF,permutation_importance
1:185132470:T:C,AF,permutation_importance
1:78200003:A:C,AF,permutation_importance
1:83063699:T:G,AF,permutation_importance
1:2832445:A:G,AF,permutation_importance
1:205919385:C:T,AF,permutation_importance
1:88799565:T:C,AF,permutation_importance
1:226103271:G:A,AF,permutation_importance
1:116128493:C:T,AF,permutation_importance
1:32439010:T:C,AF,permutation_importance
1:78090493:C:T,AF,permutation_importance
1:11436276:G:A,AF,permutation_importance
1:46795544:A:G,AF,permutation_importance
1:105441491:C:T,AF,permutation_importance
1:28383459:A:G,AF,permutation_importance
1:169401013:G:A,AF,permutation_importance
1:167627260:C:T,AF,permutation_importance
1:107403714:A:C,AF,permutation_importance
1:51186172:T:C,AF,permutation_importance
1:60985644:C:T,AF,permutation_importance
1:56464693:T:C,AF,permutation_importance
1:96411992:T:C,AF,permutation_importance
1:195062708:G:A,AF,permutation_importance
1:1555179:A:G,AF,permutation_importance
1:41666167:A:G,AF,permutation_importance
1:200867038:T:C,AF,permutation_importance
1:83735966:T:G,AF,permutation_importance
1:162247669:C:A,AF,permutation_importance
1:45666770:T:C,AF,permutation_importance
1:63762630:C:T,AF,permutation_importance
1:183054501:T:C,AF,permutation_importance
1:225092776:T:G,AF,permutation_importance
1:51302738:C:A,AF,permutation_importance
1:205287690:C:T,AF,permutation_importance
1:205784680:T:C,AF,permutation_importance
1:199398054:A:G,AF,permutation_importance
1:20397687:G:T,AF,permutation_importance
1:56081578:T:C,AF,permutation_importance
1:241972644:C:T,AF,permutation_importance
1:69626827:T:G,AF,permutation_importance
1:27209227:A:G,AF,permutation_importance
1:221043210:G:A,AF,permutation_importance
1:183129114:A:G,AF,permutation_importance
1:154834542:A:G,AF,permutation_importance
1:155506900:C:T,AF,permutation_importance
1:86697849:C:T,AF,permutation_importance
1:182069133:C:T,AF,permutation_importance
1:46645946:C:T,AF,permutation_importance
1:54633749:C:A,AF,permutation_importance
1:61344843:G:A,AF,permutation_importance
1:98575546:T:C,AF,permutation_importance
1:166262366:G:T,AF,permutation_importance
1:177916103:C:T,AF,permutation_importance
1:113924781:T:C,AF,permutation_importance
1:17503323:T:C,AF,permutation_importance
1:43718954:T:G,AF,permutation_importance
1:56569642:C:T,AF,permutation_importance
1:216954957:G:T,AF,permutation_importance
1:105372974:A:C,AF,permutation_importance
1:85277530:A:G,AF,permutation_importance
1:25117106:C:T,AF,permutation_importance
1:55747192:A:G,AF,permutation_importance
1:55399381:A:G,AF,permutation_importance
1:72258180:T:C,AF,permutation_importance
1:247386989:T:C,AF,permutation_importance
1:28367902:A:G,AF,permutation_importance
1:225896277:G:A,AF,permutation_importance
1:65114645:C:A,AF,permutation_importance
1:215243550:G:T,AF,permutation_importance
1:8239049:G:A,AF,permutation_importance
1:92457401:T:C,AF,permutation_importance
1:45530974:T:C,AF,permutation_importance
1:59613745:C:T,AF,permutation_importance
1:73750863:C:T,AF,permutation_importance
1:243116510:G:T,AF,permutation_importance
1:97708245:G:T,AF,permutation_importance
1:240177819:A:G,AF,permutation_importance
1:106939805:T:C,AF,permutation_importance
1:213510457:C:T,AF,permutation_importance
1:174651825:T:G,AF,permutation_importance
1:108498016:A:G,AF,permutation_importance
1:106834781:C:T,AF,permutation_importance
1:108139322:G:A,AF,permutation_importance
1:229466537:C:A,AF,permutation_importance
1:155302483:C:T,AF,permutation_importance
1:215665891:T:C,AF,permutation_importance
1:224733619:C:T,AF,permutation_importance
1:47779199:C:T,AF,permutation_importance
1:74052780:C:A,AF,permutation_importance
1:215925055:G:T,AF,permutation_importance
1:110700048:G:A,AF,permutation_importance
1:81777607:C:T,AF,permutation_importance
1:92621544:T:C,AF,permutation_importance
1:185422731:T:G,AF,permutation_importance
1:227338015:C:T,AF,permutation_importance
1:174826199:C:T,AF,permutation_importance
1:206795247:A:C,AF,permutation_importance
1:20828840:G:A,AF,permutation_importance
1:226198725:C:T,AF,permutation_importance
1:91228155:C:T,AF,permutation_importance
1:2466668:C:T,AF,permutation_importance
1:100546929:A:G,AF,permutation_importance
1:50783856:C:T,AF,permutation_importance
1:28776504:G:A,AF,permutation_importance
1:29025278:A:G,AF,permutation_importance
1:110592660:T:G,AF,permutation_importance
1:15680109:C:A,AF,permutation_importance
1:44740823:G:A,AF,permutation_importance
1:155366449:C:A,AF,permutation_importance
1:189038389:A:G,AF,permutation_importance
1:222497044:T:C,AF,permutation_importance
1:92610913:T:C,AF,permutation_importance
1:22406651:T:C,AF,permutation_importance
1:210619626:C:A,AF,permutation_importance
1:201255374:G:A,AF,permutation_importance
1:160099056:G:A,AF,permutation_importance
1:110401935:G:T,AF,permutation_importance
1:65153041:G:A,AF,permutation_importance
1:91944928:G:A,AF,permutation_importance
1:92341102:A:G,AF,permutation_importance
1:193749931:G:A,AF,permutation_importance
1:115902441:T:C,AF,permutation_importance
1:152862501:A:G,AF,permutation_importance
1:7836122:C:T,AF,permutation_importance
1:45605651:A:G,AF,permutation_importance
1:28389845:A:G,AF,permutation_importance
1:150339792:C:T,AF,permutation_importance
1:190382026:C:A,AF,permutation_importance
1:57287197:G:A,AF,permutation_importance
1:115284645:G:T,AF,permutation_importance
1:21097577:T:C,AF,permutation_importance
1:99158890:G:A,AF,permutation_importance
1:209854376:C:T,AF,permutation_importance
1:231475324:C:T,AF,permutation_importance
1:80897507:G:A,AF,permutation_importance
1:153099368:G:A,AF,permutation_importance
1:118202647:C:T,AF,permutation_importance
1:78822190:C:T,AF,permutation_importance
1:44549443:T:C,AF,permutation_importance
1:62635452:G:A,AF,permutation_importance
1:112213111:G:T,AF,permutation_importance
1:30465500:C:T,AF,permutation_importance
1:194986913:G:T,AF,permutation_importance
1:227296652:G:A,AF,permutation_importance
1:203760748:C:T,AF,permutation_importance
1:72706252:T:G,AF,permutation_importance
1:244070268:C:T,AF,permutation_importance
1:232562453:C:T,AF,permutation_importance
1:200026405:T:C,AF,permutation_importance
1:103521319:G:T,AF,permutation_importance
1:215315496:G:A,AF,permutation_importance
1:221621550:T:C,AF,permutation_importance
1:209074669:T:C,AF,permutation_importance
1:57630707:G:T,AF,permutation_importance
1:28013829:A:G,AF,permutation_importance
1:40764979:G:A,AF,permutation_importance
1:62787095:C:T,AF,permutation_importance
1:51434241:T:C,AF,permutation_importance
1:172528361:C:A,AF,permutation_importance
1:19275822:A:G,AF,permutation_importance
1:162962248:T:C,AF,permutation_importance
1:230483639:C:A,AF,permutation_importance
1:45845951:G:A,AF,permutation_importance
1:2548544:A:G,AF,permutation_importance
1:175210764:G:A,AF,permutation_importance
1:11160130:C:T,AF,permutation_importance
1:114803099:C:T,AF,permutation_importance
1:21311781:A:G,AF,permutation_importance
1:65278471:A:G,AF,permutation_importance
1:171342657:C:T,AF,permutation_importance
1:23787639:G:A,AF,permutation_importance
1:216132137:T:C,AF,permutation_importance
1:95369586:G:A,AF,permutation_importance
1:234665433:T:C,AF,permutation_importance
1:36016461:C:T,AF,permutation_importance
1:228203290:A:G,AF,permutation_importance
1:232061099:C:T,AF,permutation_importance
1:97118300:T:C,AF,permutation_importance
1:2247560:C:T,AF,permutation_importance
1:161103419:G:A,AF,permutation_importance
1:33126061:A:G,AF,permutation_importance
1:230823189:G:A,AF,permutation_importance
1:199225571:C:T,AF,permutation_importance
1:160409785:G:T,AF,permutation_importance
1:100563351:T:C,AF,permutation_importance
1:229294503:G:A,AF,permutation_importance
1:209853471:C:T,AF,permutation_importance
1:100519708:C:T,AF,permutation_importance
1:209827888:C:T,AF,permutation_importance
1:23882293:C:T,AF,permutation_importance
1:22798674:G:A,AF,permutation_importance
1:17015257:T:C,AF,permutation_importance
1:65668267:T:C,AF,permutation_importance
1:239996420:C:T,AF,permutation_importance
1:238374330:A:G,AF,permutation_importance
1:68072732:T:C,AF,permutation_importance
1:46334821:C:A,AF,permutation_importance
1:182920456:C:T,AF,permutation_importance
1:70434941:T:C,AF,permutation_importance
1:60035981:C:T,AF,permutation_importance
1:48242606:G:A,AF,permutation_importance
1:55143914:C:T,AF,permutation_importance
1:175132098:T:C,AF,permutation_importance
1:175933460:C:T,AF,permutation_importance
1:231027314:C:T,AF,permutation_importance
1:86436034:T:G,AF,permutation_importance
1:39629017:G:A,AF,permutation_importance
1:205255325:C:T,AF,permutation_importance
1:8907157:G:A,AF,permutation_importance
1:47111019:T:C,AF,permutation_importance
1:54880017:T:C,AF,permutation_importance
1:119581846:A:G,AF,permutation_importance
1:33838262:T:C,AF,permutation_importance
1:210357531:C:T,AF,permutation_importance
1:70939946:A:C,AF,permutation_importance
1:170211197:T:C,AF,permutation_importance
1:5880590:C:T,AF,permutation_importance
1:3951330:G:A,AF,permutation_importance
1:212854251:A:G,AF,permutation_importance
1:22784775:C:T,AF,permutation_importance
1:33412145:C:T,AF,permutation_importance
1:11145653:G:A,AF,permutation_importance
1:100218071:A:G,AF,permutation_importance
1:7478377:T:C,AF,permutation_importance
1:101305300:G:T,AF,permutation_importance
1:175306745:G:A,AF,permutation_importance
1:31329320:T:C,AF,permutation_importance
1:183068242:T:G,AF,permutation_importance
1:20983605:C:T,AF,permutation_importance
1:21626653:A:G,AF,permutation_importance
1:93223341:A:G,AF,permutation_importance
1:242435892:C:T,AF,permutation_importance
1:106351278:C:A,AF,permutation_importance
1:75205272:G:A,AF,permutation_importance
1:96440818:A:G,AF,permutation_importance
1:156708265:G:A,AF,permutation_importance
1:86848513:G:A,AF,permutation_importance
1:232711362:G:A,AF,permutation_importance
1:20187525:G:A,AF,permutation_importance
1:222475105:G:A,AF,permutation_importance
1:53705290:C:A,AF,permutation_importance
1:157366694:C:T,AF,permutation_importance
1:16405697:C:T,AF,permutation_importance
1:106641415:A:G,AF,permutation_importance
1:88669369:T:C,AF,permutation_importance
1:188412909:T:C,AF,permutation_importance
1:34014416:C:T,AF,permutation_importance
1:100074616:C:T,AF,permutation_importance
1:205266110:A:G,AF,permutation_importance
1:70939946:A:C,AF,permutation_importance
1:228024255:C:T,AF,permutation_importance
1:56389176:T:C,AF,permutation_importance
1:232157360:C:T,AF,permutation_importance
1:96076493:T:C,AF,permutation_importance
1:240121190:G:T,AF,permutation_importance
1:228246766:T:C,AF,permutation_importance
1:227133243:C:T,AF,permutation_importance
1:110018962:G:A,AF,permutation_importance
1:186078018:C:T,AF,permutation_importance
1:14640385:T:C,AF,permutation_importance
1:33450150:T:C,AF,permutation_importance
1:108861914:C:T,AF,permutation_importance
1:109137937:C:T,AF,permutation_importance
1:6399750:A:G,AF,permutation_importance
1:224645047:T:C,AF,permutation_importance
1:194653272:G:A,AF,permutation_importance
1:149904572:T:C,AF,permutation_importance
1:98020606:T:C,AF,permutation_importance
1:78927071:C:A,AF,permutation_importance
1:188278523:C:T,AF,permutation_importance
1:15801710:G:A,AF,permutation_importance
1:207345653:G:A,AF,permutation_importance
1:205329311:A:C,AF,permutation_importance
1:230200007:T:C,AF,permutation_importance
1:63281965:T:G,AF,permutation_importance
1:107000433:G:T,AF,permutation_importance
1:173116318:C:T,AF,permutation_importance
1:5070810:A:G,AF,permutation_importance
1:241678891:A:C,AF,permutation_importance
1:213496549:A:G,AF,permutation_importance
1:199085537:T:C,AF,permutation_importance
1:1555871:T:C,AF,permutation_importance
1:46627857:C:T,AF,permutation_importance
1:54210402:T:C,AF,permutation_importance
1:30514304:C:T,AF,permutation_importance
1:224136579:C:T,AF,permutation_importance
1:11829758:G:A,AF,permutation_importance
1:1002736:T:G,AF,permutation_importance
1:70798148:G:T,AF,permutation_importance
1:92998392:C:T,AF,permutation_importance
1:85425702:A:G,AF,permutation_importance
1:204352636:A:G,AF,permutation_importance
1:226209679:T:G,AF,permutation_importance
1:247277134:C:T,AF,permutation_importance
1:237172217:A:G,AF,permutation_importance
1:207898114:T:C,AF,permutation_importance
1:66191230:C:T,AF,permutation_importance
1:79135563:G:A,AF,permutation_importance
1:229696907:C:T,AF,permutation_importance
1:36604951:G:A,AF,permutation_importance
1:117399969:T:C,AF,permutation_importance
1:196097701:A:C,AF,permutation_importance
1:180858131:G:A,AF,permutation_importance
1:205266110:A:G,AF,permutation_importance
1:111299942:C:A,AF,permutation_importance
1:76503061:C:T,AF,permutation_importance
1:167875778:G:A,AF,permutation_importance
1:154384005:A:G,AF,permutation_importance
1:184830396:G:A,AF,permutation_importance
1:82851919:G:T,AF,permutation_importance
1:212916523:G:A,AF,permutation_importance
1:222556644:T:G,AF,permutation_importance
1:42249054:C:T,AF,permutation_importance
1:44102702:T:C,AF,permutation_importance
1:57915849:T:C,AF,permutation_importance
1:68945633:G:T,AF,permutation_importance
1:5734392:T:C,AF,permutation_importance
1:62540080:C:A,AF,permutation_importance
1:42821439:G:A,AF,permutation_importance
1:208091355:G:A,AF,permutation_importance
1:56963597:G:A,AF,permutation_importance
1:223529112:G:A,AF,permutation_importance
1:202132793:G:T,AF,permutation_importance
1:187112194:G:A,AF,permutation_importance
1:106964781:T:C,AF,permutation_importance
1:67153576:T:G,AF,permutation_importance
1:41207936:A:G,AF,permutation_importance
1:193117543:C:T,AF,permutation_importance
1:96738735:A:G,AF,permutation_importance
1:106784131:A:G,AF,permutation_importance
1:106656194:C:T,AF,permutation_importance
1:98818009:G:A,AF,permutation_importance
1:163273138:G:A,AF,permutation_importance
1:22039196:C:T,AF,permutation_importance
1:62439265:G:A,AF,permutation_importance
1:1130346:T:C,AF,permutation_importance
1:61468146:T:G,AF,permutation_importance
1:96902731:T:C,AF,permutation_importance
1:186380240:G:A,AF,permutation_importance
1:172434192:T:C,AF,permutation_importance
1:227755141:T:C,AF,permutation_importance
1:188636475:T:C,AF,permutation_importance
1:6124830:A:G,AF,permutation_importance
1:63915706:A:G,AF,permutation_importance
1:205244452:A:C,AF,permutation_importance
1:101500219:C:T,AF,permutation_importance
1:147612694:T:C,AF,permutation_importance
1:56521743:C:T,AF,permutation_importance
1:238324729:C:A,AF,permutation_importance
1:55100956:A:G,AF,permutation_importance
1:87108305:T:C,AF,permutation_importance
1:85284753:A:G,AF,permutation_importance
1:168638911:C:T,AF,permutation_importance
1:105341041:C:T,AF,permutation_importance
1:216368861:G:T,AF,permutation_importance
1:52670115:G:A,AF,permutation_importance
1:57901267:C:T,AF,permutation_importance
1:38904632:A:G,AF,permutation_importance
1:15689032:T:C,AF,permutation_importance
1:117623069:C:T,AF,permutation_importance
1:38151014:C:T,AF,permutation_importance
1:92701772:T:C,AF,permutation_importance
1:121734057:A:C,AF,permutation_importance
1:102969445:G:A,AF,permutation_importance
1:192621316:C:T,AF,permutation_importance
1:158536485:T:G,AF,permutation_importance
1:48169429:C:T,AF,permutation_importance
1:55333457:G:A,AF,permutation_importance
1:97285703:A:G,AF,permutation_importance
1:210452742:T:C,AF,permutation_importance
1:37720051:C:T,AF,permutation_importance
1:47281773:G:A,AF,permutation_importance
1:222598612:C:T,AF,permutation_importance
1:79663265:A:C,AF,permutation_importance
1:80394368:C:T,AF,permutation_importance
1:154470484:G:A,AF,permutation_importance
1:233329981:T:G,AF,permutation_importance
1:66450144:C:T,AF,permutation_importance
1:59021181:G:A,AF,permutation_importance
1:69696474:A:G,AF,permutation_importance
1:192474370:C:A,AF,permutation_importance
1:118909817:G:A,AF,permutation_importance
1:165038621:A:G,AF,permutation_importance
1:77162953:A:G,AF,permutation_importance
1:4650488:G:A,AF,permutation_importance
1:87356151:A:G,AF,permutation_importance
1:91628627:C:A,AF,permutation_importance
1:153668582:T:C,AF,permutation_importance
1:98732044:G:A,AF,permutation_importance
1:115874789:G:A,AF,permutation_importance
1:199531371:T:C,AF,permutation_importance
1:48982260:T:C,AF,permutation_importance
1:52584159:G:T,AF,permutation_importance
1:150019187:C:T,AF,permutation_importance
1:227607764:A:G,AF,permutation_importance
1:30948395:A:G,AF,permutation_importance
1:28397869:G:T,AF,permutation_importance
1:7805224:C:T,AF,permutation_importance
1:158403744:C:T,AF,permutation_importance
1:66044848:T:G,AF,permutation_importance
1:234664991:C:A,AF,permutation_importance
1:168122706:G:A,AF,permutation_importance
1:200477564:A:G,AF,permutation_importance
1:225605786:G:A,AF,permutation_importance
1:14815804:A:G,AF,permutation_importance
1:63747139:T:C,AF,permutation_importance
1:219423146:A:G,AF,permutation_importance
1:194320644:G:A,AF,permutation_importance
1:39422006:C:A,AF,permutation_importance
1:173992462:C:T,AF,permutation_importance
1:233594327:A:G,AF,permutation_importance
1:75122857:C:T,AF,permutation_importance
1:228741229:C:T,AF,permutation_importance
1:50372267:G:A,AF,permutation_importance
1:219165592:C:T,AF,permutation_importance
1:44952751:A:C,AF,permutation_importance
1:92819609:C:A,AF,permutation_importance
1:4033478:A:G,AF,permutation_importance
1:63760105:T:G,AF,permutation_importance
1:61026102:C:T,AF,permutation_importance
1:237294670:C:T,AF,permutation_importance
1:63408841:G:A,AF,permutation_importance
1:212045646:C:A,AF,permutation_importance
1:171170619:T:C,AF,permutation_importance
1:172637474:T:C,AF,permutation_importance
1:185173200:G:A,AF,permutation_importance
1:107947086:C:A,AF,permutation_importance
1:68360515:C:T,AF,permutation_importance
1:53701117:G:A,AF,permutation_importance
1:109093362:C:T,AF,permutation_importance
1:78814403:A:G,AF,permutation_importance
1:79145729:T:C,AF,permutation_importance
1:165002530:C:A,AF,permutation_importance
1:120065830:A:G,AF,permutation_importance
1:19259409:G:A,AF,permutation_importance
1:77706743:G:A,AF,permutation_importance
1:65709181:C:T,AF,permutation_importance
1:6633042:C:T,AF,permutation_importance
1:224194450:A:G,AF,permutation_importance
1:9878761:C:T,AF,permutation_importance
1:230160746:G:A,AF,permutation_importance
1:243671293:T:C,AF,permutation_importance
1:109342314:T:G,AF,permutation_importance
1:72101382:G:A,AF,permutation_importance
1:21701042:T:G,AF,permutation_importance
1:119807989:G:A,AF,permutation_importance
1:107416487:C:T,AF,permutation_importance
1:214553432:C:T,AF,permutation_importance
1:82696831:T:C,AF,permutation_importance
1:52461898:A:G,AF,permutation_importance
1:175120958:A:G,AF,permutation_importance
1:235538612:C:T,AF,permutation_importance
1:220755532:C:T,AF,permutation_importance
1:175153623:A:G,AF,permutation_importance
1:1291039:G:A,AF,permutation_importance
1:199916185:G:A,AF,permutation_importance
1:32021066:A:G,AF,permutation_importance
1:226845103:C:T,AF,permutation_importance
1:31547225:C:T,AF,permutation_importance
1:60803862:C:T,AF,permutation_importance
1:32840696:A:G,AF,permutation_importance
1:28258702:A:G,AF,permutation_importance
1:231362975:G:A,AF,permutation_importance
1:171099741:C:T,AF,permutation_importance
1:89329202:T:C,AF,permutation_importance
1:50910858:G:A,AF,permutation_importance
1:114874472:A:C,AF,permutation_importance
1:224595591:T:C,AF,permutation_importance
1:220258025:T:C,AF,permutation_importance
1:213001773:A:C,AF,permutation_importance
1:21872025:G:A,AF,permutation_importance
1:63734394:T:G,AF,permutation_importance
1:193159684:C:T,AF,permutation_importance
1:104801574:T:C,AF,permutation_importance
1:9540309:C:T,AF,permutation_importance
1:15625248:G:T,AF,permutation_importance
1:239607204:T:C,AF,permutation_importance
1:155401328:A:C,AF,permutation_importance
1:100481365:C:A,AF,permutation_importance
1:47456423:G:A,AF,permutation_importance
1:207485162:A:G,AF,permutation_importance
1:183194579:A:G,AF,permutation_importance
1:60652126:C:T,AF,permutation_importance
1:39253463:G:A,AF,permutation_importance
1:237291286:A:C,AF,permutation_importance
1:163856841:T:C,AF,permutation_importance
1:234976407:T:C,AF,permutation_importance
1:98846389:C:T,AF,permutation_importance
1:227287456:T:C,AF,permutation_importance
1:34090262:G:A,AF,permutation_importance
1:228344451:T:G,AF,permutation_importance
1:226355412:C:T,AF,permutation_importance
1:25679745:T:G,AF,permutation_importance
1:167420584:A:G,AF,permutation_importance
1:164427004:A:G,AF,permutation_importance
1:170184746:A:G,AF,permutation_importance
1:236203052:T:G,AF,permutation_importance
1:95682912:G:A,AF,permutation_importance
1:234201520:A:C,AF,permutation_importance
1:71953384:G:A,AF,permutation_importance
1:78875111:C:A,AF,permutation_importance
1:109289946:C:T,AF,permutation_importance
1:165708225:C:A,AF,permutation_importance
1:182739790:G:A,AF,permutation_importance
1:154679558:G:A,AF,permutation_importance
1:54844018:C:T,AF,permutation_importance
1:11226815:G:T,AF,permutation_importance
1:111742515:C:T,AF,permutation_importance
1:46845158:C:A,AF,permutation_importance
1:195277156:T:C,AF,permutation_importance
1:32968490:G:A,AF,permutation_importance
1:40254916:C:T,AF,permutation_importance
1:84083172:A:G,AF,permutation_importance
1:24287050:G:A,AF,permutation_importance
1:232887842:A:G,AF,permutation_importance
1:166761575:C:T,AF,permutation_importance
1:23033730:T:C,AF,permutation_importance
1:26069250:G:A,AF,permutation_importance
1:203469985:A:G,AF,permutation_importance
1:75345467:T:C,AF,permutation_importance
1:74095426:T:C,AF,permutation_importance
1:177826484:A:G,AF,permutation_importance
1:117274128:G:A,AF,permutation_importance
1:8514059:C:T,AF,permutation_importance
1:150458212:T:C,AF,permutation_importance
1:181121961:G:T,AF,permutation_importance
1:79152849:C:A,AF,permutation_importance
1:62190940:T:C,AF,permutation_importance
1:95889493:A:G,AF,permutation_importance
1:57214574:C:T,AF,permutation_importance
1:238902761:T:C,AF,permutation_importance
1:23038691:A:G,AF,permutation_importance
1:184708603:T:C,AF,permutation_importance
1:7246278:G:T,AF,permutation_importance
1:107072625:A:G,AF,permutation_importance
1:205776706:T:C,AF,permutation_importance
1:9244146:A:G,AF,permutation_importance
1:56460079:C:T,AF,permutation_importance
1:232961716:A:G,AF,permutation_importance
1:79407096:A:G,AF,permutation_importance
1:225486593:C:T,AF,permutation_importance
1:109277488:C:T,AF,permutation_importance
1:48017525:C:T,AF,permutation_importance
1:227815807:G:A,AF,permutation_importance
1:21572559:C:T,AF,permutation_importance
1:42945182:T:C,AF,permutation_importance
1:197012059:C:T,AF,permutation_importance
1:234692287:G:A,AF,permutation_importance
1:238203514:C:T,AF,permutation_importance
1:222839806:G:A,AF,permutation_importance
1:196896453:G:A,AF,permutation_importance
1:168657615:G:A,AF,permutation_importance
1:242052925:G:A,AF,permutation_importance
1:109034003:T:C,AF,permutation_importance
1:222467318:T:G,AF,permutation_importance
1:2620346:C:T,AF,permutation_importance
1:69254292:G:A,AF,permutation_importance
1:176594643:G:A,AF,permutation_importance
1:180741920:A:G,AF,permutation_importance
1:97020798:G:A,AF,permutation_importance
1:119697598:T:C,AF,permutation_importance
1:119586635:T:C,AF,permutation_importance
1:77500545:G:A,AF,permutation_importance
1:76909986:T:C,AF,permutation_importance
1:190169918:C:T,AF,permutation_importance
1:111352221:A:G,AF,permutation_importance
1:95457729:A:G,AF,permutation_importance
1:215181978:G:A,AF,permutation_importance
1:174926185:A:G,AF,permutation_importance
1:43574242:C:T,AF,permutation_importance
1:193322083:T:C,AF,permutation_importance
1:102199932:C:T,AF,permutation_importance
1:109278966:G:A,AF,permutation_importance
1:147168211:A:C,AF,permutation_importance
1:28591407:C:T,AF,permutation_importance
1:66203555:C:A,AF,permutation_importance
1:95813795:G:A,AF,permutation_importance
1:28396348:A:G,AF,permutation_importance
1:79528326:A:G,AF,permutation_importance
1:58516552:G:T,AF,permutation_importance
1:163466326:T:C,AF,permutation_importance
1:1083800:T:C,AF,permutation_importance
1:115249340:C:T,AF,permutation_importance
1:37208241:G:T,AF,permutation_importance
1:207028510:C:T,AF,permutation_importance
1:98025826:G:A,AF,permutation_importance
1:63690785:G:A,AF,permutation_importance
1:62918621:T:G,AF,permutation_importance
1:230711097:C:T,AF,permutation_importance
1:161031790:T:C,AF,permutation_importance
1:95692488:T:G,AF,permutation_importance
1:209928682:A:G,AF,permutation_importance
1:53307268:G:T,AF,permutation_importance
1:54420051:A:G,AF,permutation_importance
1:48885280:G:A,AF,permutation_importance
1:242594670:T:C,AF,permutation_importance
1:2113103:T:C,AF,permutation_importance
1:105902275:C:T,AF,permutation_importance
1:55053565:C:T,AF,permutation_importance
1:22815787:C:T,AF,permutation_importance
1:86829375:C:T,AF,permutation_importance
1:186393069:C:T,AF,permutation_importance
1:42064400:G:A,AF,permutation_importance
1:23868780:G:A,AF,permutation_importance
1:208082203:C:A,AF,permutation_importance
1:70226216:A:G,AF,permutation_importance
1:86815035:A:G,AF,permutation_importance
1:204105024:C:T,AF,permutation_importance
1:119571672:C:T,AF,permutation_importance
1:98902181:C:T,AF,permutation_importance
1:103078268:G:T,AF,permutation_importance
1:220568638:C:T,AF,permutation_importance
1:199947458:C:T,AF,permutation_importance
1:212176740:C:T,AF,permutation_importance
1:179084092:A:G,AF,permutation_importance
1:236548286:G:A,AF,permutation_importance
1:15508641:T:C,AF,permutation_importance
1:80595528:C:T,AF,permutation_importance
1:107896067:A:G,AF,permutation_importance
1:15261890:T:C,AF,permutation_importance
1:158489924:G:A,AF,permutation_importance
1:26185209:A:G,AF,permutation_importance
1:155159197:A:G,AF,permutation_importance
1:154306467:T:C,AF,permutation_importance
1:168738736:A:G,AF,permutation_importance
1:202233991:T:C,AF,permutation_importance
1:117212466:A:G,AF,permutation_importance
1:194847962:C:T,AF,permutation_importance
1:75965656:G:A,AF,permutation_importance
1:209603638:C:T,AF,permutation_importance
1:168895399:G:A,AF,permutation_importance
1:155725505:C:T,AF,permutation_importance
1:186001662:A:G,AF,permutation_importance
1:221763168:T:C,AF,permutation_importance
1:112130105:A:G,AF,permutation_importance
1:24073523:G:T,AF,permutation_importance
1:100629053:G:A,AF,permutation_importance
1:86591682:G:A,AF,permutation_importance
1:206830208:A:G,AF,permutation_importance
1:108161212:C:T,AF,permutation_importance
1:70412060:T:C,AF,permutation_importance
1:4416221:C:T,AF,permutation_importance
1:195076345:A:C,AF,permutation_importance
1:36720135:C:T,AF,permutation_importance
1:106671137:G:A,AF,permutation_importance
1:179780639:G:A,AF,permutation_importance
1:85905466:T:C,AF,permutation_importance
1:99337233:C:T,AF,permutation_importance
1:169049664:G:A,AF,permutation_importance
1:236451822:G:A,AF,permutation_importance
1:31517739:G:A,AF,permutation_importance
1:210782127:T:C,AF,permutation_importance
1:6579787:G:T,AF,permutation_importance
1:189032379:G:A,AF,permutation_importance
1:171078274:T:G,AF,permutation_importance
1:86435186:T:G,AF,permutation_importance
1:82072412:C:A,AF,permutation_importance
1:63078086:G:A,AF,permutation_importance
1:67958453:G:A,AF,permutation_importance
1:61179003:C:T,AF,permutation_importance
1:185188568:T:C,AF,permutation_importance
1:188801120:T:C,AF,permutation_importance
1:241550696:C:T,AF,permutation_importance
1:49122237:A:G,AF,permutation_importance
1:90764052:G:A,AF,permutation_importance
1:168940778:G:A,AF,permutation_importance
1:241049674:A:G,AF,permutation_importance
1:2452540:G:A,AF,permutation_importance
1:84246088:T:C,AF,permutation_importance
1:172490635:C:T,AF,permutation_importance
1:203950682:A:G,AF,permutation_importance
1:214019351:G:T,AF,permutation_importance
1:225676054:G:A,AF,permutation_importance
1:107832667:G:A,AF,permutation_importance
1:198155616:C:T,AF,permutation_importance
1:155159197:A:G,AF,permutation_importance
1:113565630:G:A,AF,permutation_importance
1:107681215:G:A,AF,permutation_importance
1:3019190:T:C,AF,permutation_importance
1:195115768:T:C,AF,permutation_importance
1:209281251:T:G,AF,permutation_importance
1:92735925:C:T,AF,permutation_importance
1:183151893:A:G,AF,permutation_importance
1:11072504:A:G,AF,permutation_importance
1:218800042:G:A,AF,permutation_importance
1:82770557:C:T,AF,permutation_importance
1:226363805:T:C,AF,permutation_importance
1:88067980:T:C,AF,permutation_importance
1:225444783:A:G,AF,permutation_importance
1:227753037:C:T,AF,permutation_importance
1:72422971:C:T,AF,permutation_importance
1:105812994:A:C,AF,permutation_importance
1:100179637:T:C,AF,permutation_importance
1:14698235:C:T,AF,permutation_importance
1:117477442:A:G,AF,permutation_importance
1:119571672:C:T,AF,permutation_importance
1:99173054:C:T,AF,permutation_importance
1:84581277:G:A,AF,permutation_importance
1:109178656:A:C,AF,permutation_importance
1:11111949:A:G,AF,permutation_importance
1:156195499:T:G,AF,permutation_importance
1:60727646:T:C,AF,permutation_importance
1:39151408:A:G,AF,permutation_importance
1:26405935:C:T,AF,permutation_importance
1:31510359:G:A,AF,permutation_importance
1:172367941:A:G,AF,permutation_importance
1:6405084:G:A,AF,permutation_importance
1:92639098:G:A,AF,permutation_importance
1:161935634:T:C,AF,permutation_importance
1:109591595:C:T,AF,permutation_importance
1:78914781:G:A,AF,permutation_importance
1:99015628:A:G,AF,permutation_importance
1:111309978:A:G,AF,permutation_importance
1:161595618:T:C,AF,permutation_importance
1:168703418:C:A,AF,permutation_importance
1:43407798:T:G,AF,permutation_importance
1:45705761:G:A,AF,permutation_importance
1:100289308:T:G,AF,permutation_importance
1:93874419:C:T,AF,permutation_importance
1:51451407:A:C,AF,permutation_importance
1:167128708:G:A,AF,permutation_importance
1:109375688:T:C,AF,permutation_importance
1:190357913:G:A,AF,permutation_importance
1:162181710:T:G,AF,permutation_importance
1:119518241:A:G,AF,permutation_importance
1:150386382:C:T,AF,permutation_importance
1:118749377:C:A,AF,permutation_importance
1:90385734:T:C,AF,permutation_importance
1:33393100:G:A,AF,permutation_importance
1:7738733:T:C,AF,permutation_importance
1:2002428:T:C,AF,permutation_importance
1:73432429:G:T,AF,permutation_importance
1:220910880:G:A,AF,permutation_importance
1:991241:A:C,AF,permutation_importance
1:212851434:G:T,AF,permutation_importance
1:95806142:A:G,AF,permutation_importance
1:237822855:A:G,AF,permutation_importance
1:209341940:T:G,AF,permutation_importance
1:248371877:C:T,AF,permutation_importance
1:229660719:G:A,AF,permutation_importance
1:104926547:C:T,AF,permutation_importance
1:208779770:G:T,AF,permutation_importance
1:77185976:G:A,AF,permutation_importance
1:109337327:A:G,AF,permutation_importance
1:54405670:G:A,AF,permutation_importance
1:108477554:A:G,AF,permutation_importance
1:221638778:G:A,AF,permutation_importance
1:209240853:T:C,AF,permutation_importance
1:90238618:C:T,AF,permutation_importance
1:45726310:T:C,AF,permutation_importance
1:50631613:C:A,AF,permutation_importance
1:91959213:A:G,AF,permutation_importance
1:186812861:C:T,AF,permutation_importance
1:24347376:A:G,AF,permutation_importance
1:223394461:G:A,AF,permutation_importance
1:119001725:G:A,AF,permutation_importance
1:42414845:T:C,AF,permutation_importance
1:63733617:C:A,AF,permutation_importance
1:229660719:G:A,AF,permutation_importance
1:29098821:A:G,AF,permutation_importance
1:216210493:C:A,AF,permutation_importance
1:29513059:T:G,AF,permutation_importance
1:174032890:C:T,AF,permutation_importance
1:178603843:C:T,AF,permutation_importance
1:103963748:G:A,AF,permutation_importance
1:11916470:G:A,AF,permutation_importance
1:176580783:G:A,AF,permutation_importance
1:228538520:G:A,AF,permutation_importance
1:45605651:A:G,AF,permutation_importance
1:39536720:A:C,AF,permutation_importance
1:26507901:A:G,AF,permutation_importance
1:65655380:G:T,AF,permutation_importance
1:2291684:T:C,AF,permutation_importance
1:38289137:T:C,AF,permutation_importance
1:100279242:G:A,AF,permutation_importance
1:81250579:C:T,AF,permutation_importance
1:228391468:C:T,AF,permutation_importance
1:156582928:T:G,AF,permutation_importance
1:28541130:G:A,AF,permutation_importance
1:201918593:T:C,AF,permutation_importance
1:35289802:T:C,AF,permutation_importance
1:21301266:G:A,AF,permutation_importance
1:243720575:T:G,AF,permutation_importance
1:26140340:A:G,AF,permutation_importance
1:41964001:A:G,AF,permutation_importance
1:112355891:G:A,AF,permutation_importance
1:92037781:T:C,AF,permutation_importance
1:106679237:A:G,AF,permutation_importance
1:34458751:C:T,AF,permutation_importance
1:109474483:A:G,AF,permutation_importance
1:49894315:G:A,AF,permutation_importance
1:13933611:G:A,AF,permutation_importance
1:56608724:A:C,AF,permutation_importance
1:15980927:A:G,AF,permutation_importance
1:23007846:T:C,AF,permutation_importance
1:27035126:G:A,AF,permutation_importance
1:232361209:C:T,AF,permutation_importance
1:63371416:G:A,AF,permutation_importance
1:175261518:T:G,AF,permutation_importance
1:57931111:T:C,AF,permutation_importance
1:102732014:C:T,AF,permutation_importance
1:163013545:C:T,AF,permutation_importance
1:30673078:G:A,AF,permutation_importance
1:109480810:G:A,AF,permutation_importance
1:190646841:G:A,AF,permutation_importance
1:118806210:G:T,AF,permutation_importance
1:26676500:G:A,AF,permutation_importance
1:151027707:G:A,AF,permutation_importance
1:100694127:G:A,AF,permutation_importance
1:118190421:G:A,AF,permutation_importance
1:16042283:C:A,AF,permutation_importance
1:219454013:T:C,AF,permutation_importance
1:107054879:G:A,AF,permutation_importance
1:65272700:T:G,AF,permutation_importance
1:193085355:T:C,AF,permutation_importance
1:10265552:A:G,AF,permutation_importance
1:236250062:C:T,AF,permutation_importance
1:219187045:T:C,AF,permutation_importance
1:4991245:T:G,AF,permutation_importance
1:81060408:G:A,AF,permutation_importance
1:219463199:G:T,AF,permutation_importance
1:62815748:G:A,AF,permutation_importance
1:241466928:G:A,AF,permutation_importance
1:118104866:T:C,AF,permutation_importance
1:99157792:G:A,AF,permutation_importance
1:38434064:G:A,AF,permutation_importance
1:190983016:G:A,AF,permutation_importance
1:20655483:C:T,AF,permutation_importance
1:188585748:T:G,AF,permutation_importance
1:47294591:G:A,AF,permutation_importance
1:70114055:A:G,AF,permutation_importance
1:238750169:G:A,AF,permutation_importance
1:37173132:G:A,AF,permutation_importance
1:85900596:G:A,AF,permutation_importance
1:66555804:C:A,AF,permutation_importance
1:82068816:T:C,AF,permutation_importance
1:183025012:C:T,AF,permutation_importance
1:96375113:T:C,AF,permutation_importance
1:96449992:G:A,AF,permutation_importance
1:179908098:C:T,AF,permutation_importance
1:67014895:T:C,AF,permutation_importance
1:185326067:C:T,AF,permutation_importance
1:57819741:T:C,AF,permutation_importance
1:188350999:A:G,AF,permutation_importance
1:29609582:A:G,AF,permutation_importance
1:33237892:T:G,AF,permutation_importance
1:110703497:G:A,AF,permutation_importance
1:201865816:A:G,AF,permutation_importance
1:4061687:C:A,AF,permutation_importance
1:15229431:C:T,AF,permutation_importance
1:106647886:A:G,AF,permutation_importance
1:245845174:C:T,AF,permutation_importance
1:10649210:C:T,AF,permutation_importance
1:75666306:A:G,AF,permutation_importance
1:248855823:G:A,AF,permutation_importance
1:62804929:G:T,AF,permutation_importance
1:154745413:C:T,AF,permutation_importance
1:78865014:C:A,AF,permutation_importance
1:7880044:C:T,AF,permutation_importance
1:167925546:G:T,AF,permutation_importance
1:85895792:A:C,AF,permutation_importance
1:75386753:G:T,AF,permutation_importance
1:50622477:C:T,AF,permutation_importance
1:150243993:G:A,AF,permutation_importance
1:211611357:G:T,AF,permutation_importance
1:213152272:C:T,AF,permutation_importance
1:108062375:C:T,AF,permutation_importance
1:113675639:T:C,AF,permutation_importance
1:232524294:A:G,AF,permutation_importance
1:97138481:G:A,AF,permutation_importance
1:233785497:C:T,AF,permutation_importance
1:101306226:T:C,AF,permutation_importance
1:234694230:G:A,AF,permutation_importance
1:95733483:A:G,AF,permutation_importance
1:112132159:T:C,AF,permutation_importance
1:209472572:C:T,AF,permutation_importance
1:179336951:C:T,AF,permutation_importance
1:234630270:A:G,AF,permutation_importance
1:6512210:C:T,AF,permutation_importance
1:31182093:C:T,AF,permutation_importance
1:173027539:C:T,AF,permutation_importance
1:155054395:G:T,AF,permutation_importance
1:109511496:A:C,AF,permutation_importance
1:177174059:C:T,AF,permutation_importance
1:223638508:G:A,AF,permutation_importance
1:183005467:C:T,AF,permutation_importance
1:66029072:A:G,AF,permutation_importance
1:95516334:A:G,AF,permutation_importance
1:206992707:T:G,AF,permutation_importance
1:86802828:G:T,AF,permutation_importance
1:191237918:C:T,AF,permutation_importance
1:109477267:A:G,AF,permutation_importance
1:225229574:A:C,AF,permutation_importance
1:68866987:A:G,AF,permutation_importance
1:95913046:G:A,AF,permutation_importance
1:28365811:T:C,AF,permutation_importance
1:208196208:C:T,AF,permutation_importance
1:65732838:C:T,AF,permutation_importance
1:246514161:G:A,AF,permutation_importance
1:75237524:G:T,AF,permutation_importance
1:186581606:C:T,AF,permutation_importance
1:19180250:A:G,AF,permutation_importance
1:157305504:C:T,AF,permutation_importance
1:188913906:G:A,AF,permutation_importance
1:3359810:G:A,AF,permutation_importance
1:63083915:C:T,AF,permutation_importance
1:238214337:C:T,AF,permutation_importance
1:218073215:A:G,AF,permutation_importance
1:195054549:T:G,AF,permutation_importance
1:97076087:A:G,AF,permutation_importance
1:180737639:G:A,AF,permutation_importance
1:155874135:A:G,AF,permutation_importance
1:42246082:C:T,AF,permutation_importance
1:205299452:A:C,AF,permutation_importance
1:200589235:T:C,AF,permutation_importance
1:84260458:G:A,AF,permutation_importance
1:108120029:C:T,AF,permutation_importance
1:171927810:T:C,AF,permutation_importance
1:96793020:C:T,AF,permutation_importance
1:19452051:C:T,AF,permutation_importance
1:110862597:A:G,AF,permutation_importance
1:246823403:C:T,AF,permutation_importance
1:63747139:T:C,AF,permutation_importance
1:227323628:G:A,AF,permutation_importance
1:91369191:G:T,AF,permutation_importance
1:6584663:G:A,AF,permutation_importance
1:199928854:G:A,AF,permutation_importance
1:169295678:T:G,AF,permutation_importance
1:238096349:T:C,AF,permutation_importance
1:86012315:T:C,AF,permutation_importance
1:172457067:G:A,AF,permutation_importance
1:97745547:C:A,AF,permutation_importance
1:45617293:C:T,AF,permutation_importance
1:207171886:G:A,AF,permutation_importance
1:38994726:G:A,AF,permutation_importance
1:177688212:G:A,AF,permutation_importance
1:26997349:G:A,AF,permutation_importance
1:231444640:A:G,AF,permutation_importance
1:110291637:G:A,AF,permutation_importance
1:80332225:T:C,AF,permutation_importance
1:180909027:C:A,AF,permutation_importance
1:90684372:A:G,AF,permutation_importance
1:109477267:A:G,AF,permutation_importance
1:30465610:G:A,AF,permutation_importance
1:48006049:G:A,AF,permutation_importance
1:95860539:T:C,AF,permutation_importance
1:225103104:A:G,AF,permutation_importance
1:18225031:C:T,AF,permutation_importance
1:101916858:T:C,AF,permutation_importance
1:90450305:T:G,AF,permutation_importance
1:96000454:C:T,AF,permutation_importance
1:84221441:A:C,AF,permutation_importance
1:104815921:G:T,AF,permutation_importance
1:15587583:A:G,AF,permutation_importance
1:169289068:C:T,AF,permutation_importance
1:4408142:G:A,AF,permutation_importance
1:61418270:C:T,AF,permutation_importance
1:219757803:T:C,AF,permutation_importance
1:232591405:C:T,AF,permutation_importance
1:28293339:C:T,AF,permutation_importance
1:239804739:C:T,AF,permutation_importance
1:16360224:T:C,AF,permutation_importance
1:154664637:G:A,AF,permutation_importance
1:188552514:G:T,AF,permutation_importance
1:67905870:G:A,AF,permutation_importance
1:39612269:T:G,AF,permutation_importance
1:155178126:G:A,AF,permutation_importance
1:7622713:T:C,AF,permutation_importance
1:149892716:G:A,AF,permutation_importance
1:204337793:A:G,AF,permutation_importance
1:222950327:C:T,AF,permutation_importance
1:24178811:G:A,AF,permutation_importance
1:189163287:A:G,AF,permutation_importance
1:20573630:C:T,AF,permutation_importance
1:97644333:C:T,AF,permutation_importance
1:109078491:A:G,AF,permutation_importance
1:194342864:C:T,AF,permutation_importance
1:29953976:G:A,AF,permutation_importance
1:44791163:A:G,AF,permutation_importance
1:67885630:C:T,AF,permutation_importance
1:240161753:T:C,AF,permutation_importance
1:158524626:G:A,AF,permutation_importance
1:147613994:A:G,AF,permutation_importance
1:184856812:A:G,AF,permutation_importance
1:190099339:T:C,AF,permutation_importance
1:117610389:A:C,AF,permutation_importance
1:171037853:A:G,AF,permutation_importance
1:36625502:A:C,AF,permutation_importance
1:119580799:G:A,AF,permutation_importance
1:45523092:C:T,AF,permutation_importance
1:109628018:G:T,AF,permutation_importance
1:170365793:A:G,AF,permutation_importance
1:174697614:C:T,AF,permutation_importance
1:42564941:G:A,AF,permutation_importance
1:165332080:G:A,AF,permutation_importance
1:96798120:T:G,AF,permutation_importance
1:58497655:C:T,AF,permutation_importance
1:50379326:G:A,AF,permutation_importance
1:76957013:A:G,AF,permutation_importance
1:60822961:T:G,AF,permutation_importance
1:171194484:A:G,AF,permutation_importance
1:21347880:T:G,AF,permutation_importance
1:194737649:A:G,AF,permutation_importance
1:213005744:C:A,AF,permutation_importance
1:42936534:G:A,AF,permutation_importance
1:219729745:G:A,AF,permutation_importance
1:197851815:C:A,AF,permutation_importance
1:185188568:T:C,AF,permutation_importance
1:45344272:G:T,AF,permutation_importance
1:168339116:A:G,AF,permutation_importance
1:163376265:G:T,AF,permutation_importance
1:199895984:C:T,AF,permutation_importance
1:172379862:A:G,AF,permutation_importance
1:106057293:T:G,AF,permutation_importance
1:174755194:C:T,AF,permutation_importance
1:24419125:G:A,AF,permutation_importance
1:72780839:C:T,AF,permutation_importance
1:192571314:G:A,AF,permutation_importance
1:100626534:G:T,AF,permutation_importance
1:78559254:T:C,AF,permutation_importance
1:79423212:A:G,AF,permutation_importance
1:51042854:T:C,AF,permutation_importance
1:54734756:A:C,AF,permutation_importance
1:52577544:T:C,AF,permutation_importance
1:236582496:G:A,AF,permutation_importance
1:53699868:C:T,AF,permutation_importance
1:2610288:C:T,AF,permutation_importance
1:57856835:G:A,AF,permutation_importance
1:161482103:G:A,AF,permutation_importance
1:109540264:C:T,AF,permutation_importance
1:54492163:T:C,AF,permutation_importance
1:110838876:A:G,AF,permutation_importance
1:232322526:G:A,AF,permutation_importance
1:23372847:G:A,AF,permutation_importance
1:115560545:T:C,AF,permutation_importance
1:190742854:T:C,AF,permutation_importance
1:223116967:C:T,AF,permutation_importance
1:39834276:C:T,AF,permutation_importance
1:8168742:G:A,AF,permutation_importance
1:85588526:T:C,AF,permutation_importance
1:39328906:G:T,AF,permutation_importance
1:247010305:T:G,AF,permutation_importance
1:104549302:T:G,AF,permutation_importance
1:22951142:G:A,AF,permutation_importance
1:174422735:G:A,AF,permutation_importance
1:165179871:G:A,AF,permutation_importance
1:188859844:A:G,AF,permutation_importance
1:24185093:C:T,AF,permutation_importance
1:84014045:G:T,AF,permutation_importance
1:46633151:C:T,AF,permutation_importance
1:246722279:G:A,AF,permutation_importance
1:25184592:A:G,AF,permutation_importance
1:92618032:T:C,AF,permutation_importance
1:65455635:C:T,AF,permutation_importance
1:229661132:C:A,AF,permutation_importance
1:221576981:G:A,AF,permutation_importance
1:147140787:C:T,AF,permutation_importance
1:242408859:G:A,AF,permutation_importance
1:172391892:G:T,AF,permutation_importance
1:7364739:G:A,AF,permutation_importance
1:95214446:C:T,AF,permutation_importance
1:116963733:G:A,AF,permutation_importance
1:85473199:C:T,AF,permutation_importance
1:7788632:G:A,AF,permutation_importance
1:97830671:C:T,AF,permutation_importance
1:147569111:G:A,AF,permutation_importance
1:65473475:A:G,AF,permutation_importance
1:232049889:G:A,AF,permutation_importance
1:78817910:G:T,AF,permutation_importance
1:79159908:G:A,AF,permutation_importance
1:111324912:G:A,AF,permutation_importance
1:117594202:T:C,AF,permutation_importance
1:206668294:C:T,AF,permutation_importance
1:16960919:T:C,AF,permutation_importance
1:186651971:T:G,AF,permutation_importance
1:174954209:T:C,AF,permutation_importance
1:107500223:A:G,AF,permutation_importance
1:244553525:G:A,AF,permutation_importance
1:231451843:C:T,AF,permutation_importance
1:204840197:A:G,AF,permutation_importance
1:221779003:G:A,AF,permutation_importance
1:198947432:G:T,AF,permutation_importance
1:4118962:G:A,AF,permutation_importance
1:56035356:T:C,AF,permutation_importance
1:190882216:G:A,AF,permutation_importance
1:70264381:C:T,AF,permutation_importance
1:42782232:A:G,AF,permutation_importance
1:109777714:A:G,AF,permutation_importance
1:193455269:G:A,AF,permutation_importance
1:174626522:A:G,AF,permutation_importance
1:189310263:G:A,AF,permutation_importance
1:236537328:C:A,AF,permutation_importance
1:50461043:A:G,AF,permutation_importance
1:89349515:T:G,AF,permutation_importance
1:192885544:A:G,AF,permutation_importance
1:157720724:G:A,AF,permutation_importance
1:230044324:A:G,AF,permutation_importance
1:190456659:T:C,AF,permutation_importance
1:203793245:C:T,AF,permutation_importance
1:77372632:C:T,AF,permutation_importance
1:238836352:G:A,AF,permutation_importance
1:227154122:C:T,AF,permutation_importance
1:227924333:C:T,AF,permutation_importance
1:31160000:T:C,AF,permutation_importance
1:46483923:G:A,AF,permutation_importance
1:6335446:T:C,AF,permutation_importance
1:45248353:G:A,AF,permutation_importance
1:223887781:A:G,AF,permutation_importance
1:42764174:C:T,AF,permutation_importance
1:240978194:G:A,AF,permutation_importance
1:215394364:A:G,AF,permutation_importance
1:163529852:C:T,AF,permutation_importance
1:115891433:A:G,AF,permutation_importance
1:227099113:C:T,AF,permutation_importance
1:79565226:G:A,AF,permutation_importance
1:174740072:G:A,AF,permutation_importance
1:228305453:G:A,AF,permutation_importance
1:88843139:T:C,AF,permutation_importance
1:228843588:C:T,AF,permutation_importance
1:15956529:C:T,AF,permutation_importance
1:158009611:A:G,AF,permutation_importance
1:62733706:T:C,AF,permutation_importance
1:61015364:A:G,AF,permutation_importance
1:56230235:A:G,AF,permutation_importance
1:217746908:G:A,AF,permutation_importance
1:247918053:G:A,AF,permutation_importance
1:87486061:C:T,AF,permutation_importance
1:226425698:G:T,AF,permutation_importance
1:192969158:C:A,AF,permutation_importance
1:238239788:G:A,AF,permutation_importance
1:109629614:T:C,AF,permutation_importance
1:65691047:C:T,AF,permutation_importance
1:64119981:T:C,AF,permutation_importance
1:104496935:T:C,AF,permutation_importance
1:220655809:A:G,AF,permutation_importance
1:223373683:G:A,AF,permutation_importance
1:74042348:C:T,AF,permutation_importance
1:7120364:G:A,AF,permutation_importance
1:23064151:A:G,AF,permutation_importance
1:213784696:T:G,AF,permutation_importance
1:44584319:A:G,AF,permutation_importance
1:2253199:C:A,AF,permutation_importance
1:42146755:A:C,AF,permutation_importance
1:95662150:C:T,AF,permutation_importance
1:86451879:A:C,AF,permutation_importance
1:230096010:C:T,AF,permutation_importance
1:112570936:G:A,AF,permutation_importance
1:156135237:T:C,AF,permutation_importance
1:210182610:T:C,AF,permutation_importance
1:15716662:G:A,AF,permutation_importance
1:30500508:C:T,AF,permutation_importance
1:39787357:T:G,AF,permutation_importance
1:75861963:G:T,AF,permutation_importance
1:53480390:T:C,AF,permutation_importance
1:184906418:G:A,AF,permutation_importance
1:115869329:G:A,AF,permutation_importance
1:118894659:A:G,AF,permutation_importance
1:2115499:G:T,AF,permutation_importance
1:186073171:G:A,AF,permutation_importance
1:107025125:G:T,AF,permutation_importance
1:54276945:A:G,AF,permutation_importance
1:229174128:G:A,AF,permutation_importance
1:190912313:G:A,AF,permutation_importance
1:61131253:A:G,AF,permutation_importance
1:86870741:A:C,AF,permutation_importance
1:189990787:A:G,AF,permutation_importance
1:72425763:G:A,AF,permutation_importance
1:26330839:G:A,AF,permutation_importance
1:230411348:G:A,AF,permutation_importance
1:79476747:G:A,AF,permutation_importance
1:26724732:A:G,AF,permutation_importance
1:208024662:C:T,AF,permutation_importance
1:97313938:G:A,AF,permutation_importance
1:45750903:T:C,AF,permutation_importance
1:96136088:A:G,AF,permutation_importance
1:23038691:A:G,AF,permutation_importance
1:61014229:A:C,AF,permutation_importance
1:172418293:T:G,AF,permutation_importance
1:108576029:G:T,AF,permutation_importance
1:168610698:G:A,AF,permutation_importance
1:37580553:A:G,AF,permutation_importance
1:70872870:G:A,AF,permutation_importance
1:203670839:A:G,AF,permutation_importance
1:51302738:C:A,AF,permutation_importance
1:69448471:A:G,AF,permutation_importance
1:96511483:A:G,AF,permutation_importance
1:92814529:T:C,AF,permutation_importance
1:46914483:C:T,AF,permutation_importance
1:181568276:A:G,AF,permutation_importance
1:19293915:G:A,AF,permutation_importance
1:156597938:T:C,AF,permutation_importance
1:226410951:A:G,AF,permutation_importance
1:216120765:C:T,AF,permutation_importance
1:3864532:C:A,AF,permutation_importance
1:106654214:A:G,AF,permutation_importance
1:96934613:A:G,AF,permutation_importance
1:152820575:A:G,AF,permutation_importance
1:209015483:G:T,AF,permutation_importance
1:93481301:A:G,AF,permutation_importance
1:49923430:T:C,AF,permutation_importance
1:200898842:A:G,AF,permutation_importance
1:40256236:T:C,AF,permutation_importance
1:24970792:A:G,AF,permutation_importance
1:9804435:C:T,AF,permutation_importance
1:28081530:C:A,AF,permutation_importance
1:150323220:G:A,AF,permutation_importance
1:34563191:C:T,AF,permutation_importance
1:99359122:A:G,AF,permutation_importance
1:62167909:A:G,AF,permutation_importance
1:72571172:A:G,AF,permutation_importance
1:17067394:A:G,AF,permutation_importance
1:28025886:G:A,AF,permutation_importance
1:12570856:T:C,AF,permutation_importance
1:205062641:G:A,AF,permutation_importance
1:246459226:G:A,AF,permutation_importance
1:62279036:C:T,AF,permutation_importance
1:21135336:C:T,AF,permutation_importance
1:79397833:G:A,AF,permutation_importance
1:2301873:A:G,AF,permutation_importance
1:158714223:T:G,AF,permutation_importance
1:114190171:G:A,AF,permutation_importance
1:45558854:A:G,AF,permutation_importance
1:159052376:C:T,AF,permutation_importance
1:237154447:G:A,AF,permutation_importance
1:4734807:G:A,AF,permutation_importance
1:49946406:C:T,AF,permutation_importance
1:7501169:C:T,AF,permutation_importance
1:100942360:T:C,AF,permutation_importance
1:98394154:G:A,AF,permutation_importance
1:167485950:A:C,AF,permutation_importance
1:208918068:T:G,AF,permutation_importance
1:58004763:C:T,AF,permutation_importance
1:118021435:G:A,AF,permutation_importance
1:156309677:T:C,AF,permutation_importance
1:114839277:C:T,AF,permutation_importance
1:96420611:G:A,AF,permutation_importance
1:11031492:T:G,AF,permutation_importance
1:70363768:T:C,AF,permutation_importance
1:111265856:G:A,AF,permutation_importance
1:224085294:T:C,AF,permutation_importance
1:96738735:A:G,AF,permutation_importance
1:245410157:A:G,AF,permutation_importance
1:189992747:T:C,AF,permutation_importance
1:77370377:G:A,AF,permutation_importance
1:109477267:A:G,AF,permutation_importance
1:245842594:T:C,AF,permutation_importance
1:223763218:A:C,AF,permutation_importance
1:2217853:C:T,AF,permutation_importance
1:61942786:T:C,AF,permutation_importance
1:2237776:G:A,AF,permutation_importance
1:171094121:G:A,AF,permutation_importance
1:166565045:C:A,AF,permutation_importance
1:81943903:T:C,AF,permutation_importance
1:34558041:T:C,AF,permutation_importance
1:107415535:A:G,AF,permutation_importance
1:182141976:C:T,AF,permutation_importance
1:50770920:C:T,AF,permutation_importance
1:19505483:G:A,AF,permutation_importance
1:221453813:G:A,AF,permutation_importance
1:46422367:A:C,AF,permutation_importance
1:65400310:T:C,AF,permutation_importance
1:45867029:T:C,AF,permutation_importance
1:52549826:G:A,AF,permutation_importance
1:57356350:C:T,AF,permutation_importance
1:45656468:A:G,AF,permutation_importance
1:18145746:A:G,AF,permutation_importance
1:212978244:C:T,AF,permutation_importance
1:221498992:A:G,AF,permutation_importance
1:220941587:T:C,AF,permutation_importance
1:37957383:C:A,AF,permutation_importance
1:28423616:G:A,AF,permutation_importance
1:111034087:G:A,AF,permutation_importance
1:72231244:C:T,AF,permutation_importance
1:206427976:C:T,AF,permutation_importance
1:42291095:C:T,AF,permutation_importance
1:39189026:T:C,AF,permutation_importance
1:83872535:C:T,AF,permutation_importance
1:11226815:G:T,AF,permutation_importance
1:99354509:C:T,AF,permutation_importance
1:35103681:G:A,AF,permutation_importance
1:44983799:C:T,AF,permutation_importance
1:163258144:C:A,AF,permutation_importance
1:45925225:T:G,AF,permutation_importance
1:159026637:C:T,AF,permutation_importance
1:205071935:C:T,AF,permutation_importance
1:199022968:T:C,AF,permutation_importance
1:27466244:T:C,AF,permutation_importance
1:77125355:T:C,AF,permutation_importance
1:91185466:G:A,AF,permutation_importance
1:10939154:G:A,AF,permutation_importance
1:219531214:G:A,AF,permutation_importance
1:51110525:T:C,AF,permutation_importance
1:95865135:C:T,AF,permutation_importance
1:174830925:G:A,AF,permutation_importance
1:59507238:G:A,AF,permutation_importance
1:76025356:G:T,AF,permutation_importance
1:168438838:C:T,AF,permutation_importance
1:200344069:C:T,AF,permutation_importance
1:105998494:G:A,AF,permutation_importance
1:215891499:C:T,AF,permutation_importance
1:109732276:C:A,AF,permutation_importance
1:8125134:T:C,AF,permutation_importance
1:26048841:A:G,AF,permutation_importance
1:38290568:T:C,AF,permutation_importance
1:90740274:C:T,AF,permutation_importance
1:165660910:A:G,AF,permutation_importance
1:90296151:T:C,AF,permutation_importance
1:37184631:C:T,AF,permutation_importance
1:58996343:A:G,AF,permutation_importance
1:101204372:A:G,AF,permutation_importance
1:196298978:C:T,AF,permutation_importance
1:189746037:T:C,AF,permutation_importance
1:219281495:T:C,AF,permutation_importance
1:55051671:C:T,AF,permutation_importance
1:107906569:G:A,AF,permutation_importance
1:161032851:G:A,AF,permutation_importance
1:97140819:C:T,AF,permutation_importance
1:81908810:G:A,AF,permutation_importance
1:109524502:G:A,AF,permutation_importance
1:244120917:A:G,AF,permutation_importance
1:66051530:C:T,AF,permutation_importance
1:8922212:C:T,AF,permutation_importance
1:226677589:C:A,AF,permutation_importance
1:116205312:T:C,AF,permutation_importance
1:89462485:C:T,AF,permutation_importance
1:35781962:T:G,AF,permutation_importance
1:85886782:T:G,AF,permutation_importance
1:91078766:T:C,AF,permutation_importance
1:42335343:T:C,AF,permutation_importance
1:19808326:T:C,AF,permutation_importance
1:211879953:T:C,AF,permutation_importance
1:189088344:A:G,AF,permutation_importance
1:225717312:A:G,AF,permutation_importance
1:79411350:C:T,AF,permutation_importance
1:21626555:T:C,AF,permutation_importance
1:102956015:G:A,AF,permutation_importance
1:209703706:C:A,AF,permutation_importance
1:46692594:A:G,AF,permutation_importance
1:16041149:C:T,AF,permutation_importance
1:236736401:G:A,AF,permutation_importance
1:243447210:C:T,AF,permutation_importance
1:48158099:A:C,AF,permutation_importance
1:55597936:G:A,AF,permutation_importance
1:56721904:C:A,AF,permutation_importance
1:163849901:G:A,AF,permutation_importance
1:223706628:G:A,AF,permutation_importance
1:16911333:A:G,AF,permutation_importance
1:221631716:C:T,AF,permutation_importance
1:110546617:C:T,AF,permutation_importance
1:179492077:C:T,AF,permutation_importance
1:190687759:T:C,AF,permutation_importance
1:197355070:T:G,AF,permutation_importance
1:21145936:T:C,AF,permutation_importance
1:163452414:T:C,AF,permutation_importance
1:31681163:C:T,AF,permutation_importance
1:57296236:C:T,AF,permutation_importance
1:85589057:C:T,AF,permutation_importance
1:21108563:T:G,AF,permutation_importance
1:39012505:G:A,AF,permutation_importance
1:72759214:C:T,AF,permutation_importance
1:159953685:C:T,AF,permutation_importance
1:24786450:G:A,AF,permutation_importance
1:97065356:C:T,AF,permutation_importance
1:189042119:A:G,AF,permutation_importance
1:180301259:T:C,AF,permutation_importance
1:24537040:C:T,AF,permutation_importance
1:115436030:C:T,AF,permutation_importance
1:22028965:A:G,AF,permutation_importance
1:245422540:A:G,AF,permutation_importance
1:81916606:A:C,AF,permutation_importance
1:51325979:G:A,AF,permutation_importance
1:100295176:C:T,AF,permutation_importance
1:234252489:A:G,AF,permutation_importance
1:46590320:T:C,AF,permutation_importance
1:112140838:G:T,AF,permutation_importance
1:21135435:A:C,AF,permutation_importance
1:17092993:C:A,AF,permutation_importance
1:58783359:T:G,AF,permutation_importance
1:208191931:C:T,AF,permutation_importance
1:109168641:A:G,AF,permutation_importance
1:1341098:T:G,AF,permutation_importance
1:149894326:A:G,AF,permutation_importance
1:221660387:T:C,AF,permutation_importance
1:192708770:T:G,AF,permutation_importance
1:210713637:A:G,AF,permutation_importance
1:95932192:A:G,AF,permutation_importance
1:87137834:T:C,AF,permutation_importance
1:92796839:C:T,AF,permutation_importance
1:234283448:G:A,AF,permutation_importance
1:247003419:A:C,AF,permutation_importance
1:231604408:C:T,AF,permutation_importance
1:238840023:G:A,AF,permutation_importance
1:165555034:C:A,AF,permutation_importance
1:29134621:G:T,AF,permutation_importance
1:73488598:G:A,AF,permutation_importance
1:109518857:C:T,AF,permutation_importance
1:105254008:T:C,AF,permutation_importance
1:50800851:G:A,AF,permutation_importance
1:60038979:G:T,AF,permutation_importance
1:107934389:T:C,AF,permutation_importance
1:239618638:A:C,AF,permutation_importance
1:38424948:T:C,AF,permutation_importance
1:219561618:A:C,AF,permutation_importance
1:151751306:C:T,AF,permutation_importance
1:24968387:T:C,AF,permutation_importance
1:171471861:A:G,AF,permutation_importance
1:110135459:G:A,AF,permutation_importance
1:229992264:G:A,AF,permutation_importance
1:203529973:T:C,AF,permutation_importance
1:169221417:T:C,AF,permutation_importance
1:56882763:C:T,AF,permutation_importance
1:230918663:A:G,AF,permutation_importance
1:7698700:T:C,AF,permutation_importance
1:73423542:G:A,AF,permutation_importance
1:66672684:C:T,AF,permutation_importance
1:119220681:G:A,AF,permutation_importance
1:203507790:G:A,AF,permutation_importance
1:79164665:G:A,AF,permutation_importance
1:6508614:A:G,AF,permutation_importance
1:80336165:G:A,AF,permutation_importance
1:246386881:A:G,AF,permutation_importance
1:45709216:G:A,AF,permutation_importance
1:180392495:T:C,AF,permutation_importance
1:31104541:G:A,AF,permutation_importance
1:216313487:C:T,AF,permutation_importance
1:51339427:C:T,AF,permutation_importance
1:154461429:C:A,AF,permutation_importance
1:166733321:A:G,AF,permutation_importance
1:6856150:G:A,AF,permutation_importance
1:90655725:C:T,AF,permutation_importance
1:13645123:A:G,AF,permutation_importance
1:38002029:T:C,AF,permutation_importance
1:196303580:G:A,AF,permutation_importance
1:97998671:A:G,AF,permutation_importance
1:183291981:C:T,AF,permutation_importance
1:205130484:G:A,AF,permutation_importance
1:51211042:G:A,AF,permutation_importance
1:72991919:G:A,AF,permutation_importance
1:172464291:A:G,AF,permutation_importance
1:168216936:C:T,AF,permutation_importance
1:76291130:T:C,AF,permutation_importance
1:221412438:C:T,AF,permutation_importance
1:214799002:C:A,AF,permutation_importance
1:180173007:A:G,AF,permutation_importance
1:109983008:A:G,AF,permutation_importance
1:11831500:G:A,AF,permutation_importance
1:38747739:A:G,AF,permutation_importance
1:195836907:T:C,AF,permutation_importance
1:46758222:T:C,AF,permutation_importance
1:42301352:T:C,AF,permutation_importance
1:238747097:G:A,AF,permutation_importance
1:21034383:G:A,AF,permutation_importance
1:24429503:C:T,AF,permutation_importance
1:97949421:A:G,AF,permutation_importance
1:216957839:G:A,AF,permutation_importance
1:77734870:T:C,AF,permutation_importance
1:100627038:A:G,AF,permutation_importance
1:166206699:C:T,AF,permutation_importance
1:193437522:T:C,AF,permutation_importance
1:117142464:G:A,AF,permutation_importance
1:241023591:G:A,AF,permutation_importance
1:70356074:A:G,AF,permutation_importance
1:56024761:C:T,AF,permutation_importance
1:65749620:T:C,AF,permutation_importance
1:98723043:C:T,AF,permutation_importance
1:107958758:A:C,AF,permutation_importance
1:50620665:T:C,AF,permutation_importance
1:193068612:T:C,AF,permutation_importance
1:231996168:G:A,AF,permutation_importance
1:163499311:C:T,AF,permutation_importance
1:152836863:G:A,AF,permutation_importance
1:246862467:A:G,AF,permutation_importance
1:27712383:G:A,AF,permutation_importance
1:46424172:C:A,AF,permutation_importance
1:73990061:G:A,AF,permutation_importance
1:46039637:A:G,AF,permutation_importance
1:159509193:C:T,AF,permutation_importance
1:243029641:G:A,AF,permutation_importance
1:244832536:A:G,AF,permutation_importance
1:92962105:C:A,AF,permutation_importance
1:54049002:T:C,AF,permutation_importance
1:172434192:T:C,AF,permutation_importance
1:24206495:A:C,AF,permutation_importance
1:33949696:G:A,AF,permutation_importance
1:110796050:G:A,AF,permutation_importance
1:222539307:G:A,AF,permutation_importance
1:222663654:A:G,AF,permutation_importance
1:96868185:G:A,AF,permutation_importance
1:50372267:G:A,AF,permutation_importance
1:39948651:T:C,AF,permutation_importance
1:105431460:A:C,AF,permutation_importance
1:81500974:A:C,AF,permutation_importance
1:172384171:C:T,AF,permutation_importance
1:184122214:G:T,AF,permutation_importance
1:150489325:A:G,AF,permutation_importance
1:183118592:A:G,AF,permutation_importance
1:216777722:T:C,AF,permutation_importance
1:59430628:T:C,AF,permutation_importance
1:6725887:C:T,AF,permutation_importance
1:188578725:C:T,AF,permutation_importance
1:215908433:C:T,AF,permutation_importance
1:55449140:T:C,AF,permutation_importance
1:214980005:T:C,AF,permutation_importance
1:189650712:C:A,AF,permutation_importance
1:220835978:C:T,AF,permutation_importance
1:213236969:T:C,AF,permutation_importance
1:224347404:G:T,AF,permutation_importance
1:147738737:A:G,AF,permutation_importance
1:81916223:A:G,AF,permutation_importance
1:4361945:T:C,AF,permutation_importance
1:197898532:T:G,AF,permutation_importance
1:234640141:T:G,AF,permutation_importance
1:36697775:A:C,AF,permutation_importance
1:187362232:G:A,AF,permutation_importance
1:63685977:C:T,AF,permutation_importance
1:62353702:G:T,AF,permutation_importance
1:216950281:A:G,AF,permutation_importance
1:210424606:C:T,AF,permutation_importance
1:246791011:A:G,AF,permutation_importance
1:106646581:A:G,AF,permutation_importance
1:182123817:A:G,AF,permutation_importance
1:203516679:C:T,AF,permutation_importance
1:107995040:A:G,AF,permutation_importance
1:62573862:C:T,AF,permutation_importance
1:40557081:C:T,AF,permutation_importance
1:9232023:C:T,AF,permutation_importance
1:15595853:T:C,AF,permutation_importance
1:204972384:G:T,AF,permutation_importance
1:95644405:A:C,AF,permutation_importance
1:197133615:A:G,AF,permutation_importance
1:107236346:A:G,AF,permutation_importance
1:104591806:T:C,AF,permutation_importance
1:232899447:C:A,AF,permutation_importance
1:61505439:T:G,AF,permutation_importance
1:59406375:G:A,AF,permutation_importance
1:19638963:G:A,AF,permutation_importance
1:52586321:G:T,AF,permutation_importance
1:7721974:G:A,AF,permutation_importance
1:97957593:G:A,AF,permutation_importance
1:15841304:A:G,AF,permutation_importance
1:108522427:G:A,AF,permutation_importance
1:117326511:C:A,AF,permutation_importance
1:196053906:C:T,AF,permutation_importance
1:23406247:G:A,AF,permutation_importance
1:186357769:G:A,AF,permutation_importance
1:11844934:G:A,AF,permutation_importance
1:27433745:G:T,AF,permutation_importance
1:20291682:T:C,AF,permutation_importance
1:213235691:G:A,AF,permutation_importance
1:4431916:C:T,AF,permutation_importance
1:4664074:A:G,AF,permutation_importance
1:224099857:A:G,AF,permutation_importance
1:21015283:A:G,AF,permutation_importance
1:189716367:G:A,AF,permutation_importance
1:73666075:G:A,AF,permutation_importance
1:109781427:C:T,AF,permutation_importance
1:75921573:A:C,AF,permutation_importance
1:230898527:G:A,AF,permutation_importance
1:2114437:G:A,AF,permutation_importance
1:167032147:C:A,AF,permutation_importance
1:205474275:G:A,AF,permutation_importance
1:172634720:T:C,AF,permutation_importance
1:22814524:C:T,AF,permutation_importance
1:102234405:T:C,AF,permutation_importance
1:182927903:G:A,AF,permutation_importance
1:55005033:C:T,AF,permutation_importance
1:37661615:C:T,AF,permutation_importance
1:181132802:G:T,AF,permutation_importance
1:108557000:A:G,AF,permutation_importance
1:115394172:C:T,AF,permutation_importance
1:211890498:C:T,AF,permutation_importance
1:244459368:C:T,AF,permutation_importance
1:193480454:G:T,AF,permutation_importance
1:201911172:T:C,AF,permutation_importance
1:85144127:G:A,AF,permutation_importance
1:91967590:G:T,AF,permutation_importance
1:72095429:C:T,AF,permutation_importance
1:153512808:G:A,AF,permutation_importance
1:109259409:G:A,AF,permutation_importance
1:174395721:A:G,AF,permutation_importance
1:5743915:C:A,AF,permutation_importance
1:98975412:C:T,AF,permutation_importance
1:240502585:T:C,AF,permutation_importance
1:20416837:C:T,AF,permutation_importance
1:19257510:G:A,AF,permutation_importance
1:170548043:A:G,AF,permutation_importance
1:231725408:C:T,AF,permutation_importance
1:169766883:A:G,AF,permutation_importance
1:47707274:G:A,AF,permutation_importance
1:41338562:A:C,AF,permutation_importance
1:34835953:G:A,AF,permutation_importance
1:231023502:G:A,AF,permutation_importance
1:22447589:T:C,AF,permutation_importance
1:57148249:A:G,AF,permutation_importance
1:56567498:T:C,AF,permutation_importance
1:220961008:G:A,AF,permutation_importance
1:67145284:C:T,AF,permutation_importance
1:73714010:C:T,AF,permutation_importance
1:162470743:C:T,AF,permutation_importance
1:55466692:G:A,AF,permutation_importance
1:88960123:C:T,AF,permutation_importance
1:83035557:G:A,AF,permutation_importance
1:117513451:G:T,AF,permutation_importance
1:17076306:C:T,AF,permutation_importance
1:194468975:C:A,AF,permutation_importance
1:159080891:T:C,AF,permutation_importance
1:222752593:T:C,AF,permutation_importance
1:112187356:C:A,AF,permutation_importance
1:113630788:A:G,AF,permutation_importance
1:117655540:A:G,AF,permutation_importance
1:88850572:C:T,AF,permutation_importance
1:54080697:A:G,AF,permutation_importance
1:73515507:T:C,AF,permutation_importance
1:46948761:A:G,AF,permutation_importance
1:65080915:C:T,AF,permutation_importance
1:111032914:G:T,AF,permutation_importance
1:96318684:G:A,AF,permutation_importance
1:28896865:C:T,AF,permutation_importance
1:186766406:G:A,AF,permutation_importance
1:83968834:C:T,AF,permutation_importance
1:31748490:T:C,AF,permutation_importance
1:68106953:G:A,AF,permutation_importance
1:28376371:A:G,AF,permutation_importance
1:108189886:T:C,AF,permutation_importance
1:177162931:C:T,AF,permutation_importance
1:96523497:C:A,AF,permutation_importance
1:231116597:G:A,AF,permutation_importance
1:23713115:C:T,AF,permutation_importance
1:100621447:A:G,AF,permutation_importance
1:225528539:G:A,AF,permutation_importance
1:245587630:T:G,AF,permutation_importance
1:243128717:C:A,AF,permutation_importance
1:219380664:A:G,AF,permutation_importance
1:74700419:C:T,AF,permutation_importance
1:96469536:C:T,AF,permutation_importance
1:228499679:A:C,AF,permutation_importance
1:170270012:G:A,AF,permutation_importance
1:234039730:G:A,AF,permutation_importance
1:229883270:G:A,AF,permutation_importance
1:68726169:T:C,AF,permutation_importance
1:222552437:A:G,AF,permutation_importance
1:230300521:G:T,AF,permutation_importance
1:108508730:T:C,AF,permutation_importance
1:221573149:T:C,AF,permutation_importance
1:218842337:G:A,AF,permutation_importance
1:147171976:A:G,AF,permutation_importance
1:175285154:A:G,AF,permutation_importance
1:46133231:A:G,AF,permutation_importance
1:19573195:C:T,AF,permutation_importance
1:38895493:G:A,AF,permutation_importance
1:19780525:G:A,AF,permutation_importance
1:69601641:T:C,AF,permutation_importance
1:116971426:A:G,AF,permutation_importance
1:54072649:A:C,AF,permutation_importance
1:175347057:G:A,AF,permutation_importance
1:56263951:C:A,AF,permutation_importance
1:198656485:G:T,AF,permutation_importance
1:170107812:C:T,AF,permutation_importance
1:200593455:A:G,AF,permutation_importance
1:20756942:G:A,AF,permutation_importance
1:228221327:A:G,AF,permutation_importance
1:103832985:G:A,AF,permutation_importance
1:170208991:G:T,AF,permutation_importance
1:166492947:G:A,AF,permutation_importance
1:10497194:T:C,AF,permutation_importance
1:216124279:A:G,AF,permutation_importance
1:41300564:G:A,AF,permutation_importance
1:166227663:C:T,AF,permutation_importance
1:180333348:T:C,AF,permutation_importance
1:119579109:C:T,AF,permutation_importance
1:39203010:C:T,AF,permutation_importance
1:179020754:G:A,AF,permutation_importance
1:33824519:G:T,AF,permutation_importance
1:106334757:A:C,AF,permutation_importance
1:10148710:T:C,AF,permutation_importance
1:174474516:T:C,AF,permutation_importance
1:243492150:A:G,AF,permutation_importance
1:114035621:C:T,AF,permutation_importance
1:103263673:A:C,AF,permutation_importance
1:105288694:A:G,AF,permutation_importance
1:196320143:C:A,AF,permutation_importance
1:178379752:A:G,AF,permutation_importance
1:204971617:C:T,AF,permutation_importance
1:102722996:G:A,AF,permutation_importance
1:65588957:G:A,AF,permutation_importance
1:170444980:C:T,AF,permutation_importance
1:18578075:G:T,AF,permutation_importance
1:217239832:G:A,AF,permutation_importance
1:21910323:C:T,AF,permutation_importance
1:59320810:T:C,AF,permutation_importance
1:115469310:A:C,AF,permutation_importance
1:63659159:G:A,AF,permutation_importance
1:175943616:C:A,AF,permutation_importance
1:119015666:C:T,AF,permutation_importance
1:15613139:C:T,AF,permutation_importance
1:96144800:C:T,AF,permutation_importance
1:213785642:G:A,AF,permutation_importance
1:26730152:G:A,AF,permutation_importance
1:200360987:G:A,AF,permutation_importance
1:229434056:A:G,AF,permutation_importance
1:85595979:C:T,AF,permutation_importance
1:109555845:G:A,AF,permutation_importance
1:102691544:G:A,AF,permutation_importance
1:11972338:G:A,AF,permutation_importance
1:114864440:T:C,AF,permutation_importance
1:179631650:A:G,AF,permutation_importance
1:7691079:C:T,AF,permutation_importance
1:27647237:C:A,AF,permutation_importance
1:2301087:G:T,AF,permutation_importance
1:241295478:T:C,AF,permutation_importance
1:92654077:C:T,AF,permutation_importance
1:11027467:G:A,AF,permutation_importance
1:72356561:T:G,AF,permutation_importance
1:46074980:C:T,AF,permutation_importance
1:61352986:A:G,AF,permutation_importance
1:161522658:T:C,AF,permutation_importance
1:17180012:G:A,AF,permutation_importance
1:227443286:G:A,AF,permutation_importance
1:39025923:T:C,AF,permutation_importance
1:33667388:G:A,AF,permutation_importance
1:26914534:A:G,AF,permutation_importance
1:169667135:A:C,AF,permutation_importance
1:169360591:C:T,AF,permutation_importance
1:186525441:C:T,AF,permutation_importance
1:92564141:T:G,AF,permutation_importance
1:193825766:A:G,AF,permutation_importance
1:1757725:C:T,AF,permutation_importance
1:15664057:A:G,AF,permutation_importance
1:84615152:C:A,AF,permutation_importance
1:15141194:G:A,AF,permutation_importance
1:63227770:G:A,AF,permutation_importance
1:73578022:C:T,AF,permutation_importance
1:227041245:T:C,AF,permutation_importance
1:169661126:A:G,AF,permutation_importance
1:22809897:T:C,AF,permutation_importance
1:166490622:C:T,AF,permutation_importance
1:195125850:T:C,AF,permutation_importance
1:167484638:G:A,AF,permutation_importance
1:113854333:G:A,AF,permutation_importance
1:56697860:G:A,AF,permutation_importance
1:39440201:C:T,AF,permutation_importance
1:169939176:G:A,AF,permutation_importance
1:42507254:A:G,AF,permutation_importance
1:66685502:T:C,AF,permutation_importance
1:91335951:C:A,AF,permutation_importance
1:180793668:G:A,AF,permutation_importance
1:224391241:C:T,AF,permutation_importance
1:222598612:C:T,AF,permutation_importance
1:61225451:A:G,AF,permutation_importance
1:73390408:A:C,AF,permutation_importance
1:7466910:T:C,AF,permutation_importance
1:16252575:C:T,AF,permutation_importance
1:209898183:C:T,AF,permutation_importance
1:162460496:G:T,AF,permutation_importance
1:34893041:G:A,AF,permutation_importance
1:209375536:A:G,AF,permutation_importance
1:174372103:C:T,AF,permutation_importance
1:223007611:G:A,AF,permutation_importance
1:15795797:G:A,AF,permutation_importance
1:23885665:A:G,AF,permutation_importance
1:25761731:T:G,AF,permutation_importance
1:17679412:C:T,AF,permutation_importance
1:247271477:G:A,AF,permutation_importance
1:93121878:C:T,AF,permutation_importance
1:40955091:G:A,AF,permutation_importance
1:107974753:C:T,AF,permutation_importance
1:67357105:C:T,AF,permutation_importance
1:39016016:G:A,AF,permutation_importance
1:189209807:G:A,AF,permutation_importance
1:28540962:G:A,AF,permutation_importance
1:100254820:T:C,AF,permutation_importance
1:57267900:A:G,AF,permutation_importance
1:157454180:G:A,AF,permutation_importance
1:155071336:A:G,AF,permutation_importance
1:109504074:T:C,AF,permutation_importance
1:88582411:C:T,AF,permutation_importance
1:212784683:A:G,AF,permutation_importance
1:40352252:G:A,AF,permutation_importance
1:241309310:C:T,AF,permutation_importance
1:72231244:C:T,AF,permutation_importance
1:57515717:T:C,AF,permutation_importance
1:240049713:T:C,AF,permutation_importance
1:239890144:G:A,AF,permutation_importance
1:19390941:G:A,AF,permutation_importance
1:67855754:A:G,AF,permutation_importance
1:232010659:G:A,AF,permutation_importance
1:212229547:A:G,AF,permutation_importance
1:26117876:T:C,AF,permutation_importance
1:117017920:A:G,AF,permutation_importance
1:186685249:G:A,AF,permutation_importance
1:169691524:A:G,AF,permutation_importance
1:42776554:C:T,AF,permutation_importance
1:55860855:C:T,AF,permutation_importance
1:37146149:C:T,AF,permutation_importance
1:19626671:G:A,AF,permutation_importance
1:72105681:C:T,AF,permutation_importance
1:41250375:A:C,AF,permutation_importance
1:246016308:C:T,AF,permutation_importance
1:162811815:A:G,AF,permutation_importance
1:43848369:G:A,AF,permutation_importance
1:232611596:C:T,AF,permutation_importance
1:73307298:A:C,AF,permutation_importance
1:37695002:T:C,AF,permutation_importance
1:114169806:G:T,AF,permutation_importance
1:93004727:G:A,AF,permutation_importance
1:234795969:C:A,AF,permutation_importance
1:214627519:G:T,AF,permutation_importance
1:60842428:A:G,AF,permutation_importance
1:150906291:C:T,AF,permutation_importance
1:11467247:T:C,AF,permutation_importance
1:103050636:G:T,AF,permutation_importance
1:115965954:G:A,AF,permutation_importance
1:61983667:T:G,AF,permutation_importance
1:36157129:T:C,AF,permutation_importance
1:65121345:T:C,AF,permutation_importance
1:39418761:A:G,AF,permutation_importance
1:24421192:C:T,AF,permutation_importance
1:107751222:T:C,AF,permutation_importance
1:171460922:G:A,AF,permutation_importance
1:223686561:C:T,AF,permutation_importance
1:57256422:C:T,AF,permutation_importance
1:55060755:T:G,AF,permutation_importance
1:106587751:C:T,AF,permutation_importance
1:88196807:G:A,AF,permutation_importance
1:90730619:T:C,AF,permutation_importance
1:214082240:G:A,AF,permutation_importance
1:65855510:A:G,AF,permutation_importance
1:183103012:C:T,AF,permutation_importance
1:188895058:C:T,AF,permutation_importance
1:86941460:G:A,AF,permutation_importance
1:32096252:A:G,AF,permutation_importance
1:169171177:T:C,AF,permutation_importance
1:49932199:G:A,AF,permutation_importance
1:72347446:C:T,AF,permutation_importance
1:54508554:G:A,AF,permutation_importance
1:83958388:C:T,AF,permutation_importance
1:188129613:A:G,AF,permutation_importance
1:116838767:A:G,AF,permutation_importance
1:225674940:C:T,AF,permutation_importance
1:65578330:A:G,AF,permutation_importance
1:190795603:G:A,AF,permutation_importance
1:40687072:C:A,AF,permutation_importance
1:181904042:T:C,AF,permutation_importance
1:174556274:G:A,AF,permutation_importance
1:97535398:C:T,AF,permutation_importance
1:155186129:G:A,AF,permutation_importance
1:224069070:G:T,AF,permutation_importance
1:171601001:C:T,AF,permutation_importance
1:103775249:A:G,AF,permutation_importance
1:98575160:A:C,AF,permutation_importance
1:52176774:G:A,AF,permutation_importance
1:92796839:C:T,AF,permutation_importance
1:113678116:T:G,AF,permutation_importance
1:54798718:T:C,AF,permutation_importance
1:114693164:A:G,AF,permutation_importance
1:111488239:T:C,AF,permutation_importance
1:31620036:A:G,AF,permutation_importance
1:115326178:C:T,AF,permutation_importance
1:56409202:G:A,AF,permutation_importance
1:40131428:T:C,AF,permutation_importance
1:248055491:C:T,AF,permutation_importance
1:237823773:C:T,AF,permutation_importance
1:23459975:G:A,AF,permutation_importance
1:175942418:T:C,AF,permutation_importance
1:205218853:G:A,AF,permutation_importance
1:38365174:T:C,AF,permutation_importance
1:167249148:C:T,AF,permutation_importance
1:111078309:G:A,AF,permutation_importance
1:92233997:A:G,AF,permutation_importance
1:71024744:G:A,AF,permutation_importance
1:174409371:C:A,AF,permutation_importance
1:25588080:C:T,AF,permutation_importance
1:205085751:A:C,AF,permutation_importance
1:224863813:G:T,AF,permutation_importance
1:159025429:A:G,AF,permutation_importance
1:85158070:G:T,AF,permutation_importance
1:117285890:G:A,AF,permutation_importance
1:169049664:G:A,AF,permutation_importance
1:14518963:G:A,AF,permutation_importance
1:215128154:G:A,AF,permutation_importance
1:236537895:T:C,AF,permutation_importance
1:100267368:C:T,AF,permutation_importance
1:112181937:A:G,AF,permutation_importance
1:71773816:T:G,AF,permutation_importance
1:219491666:C:T,AF,permutation_importance
1:207995778:T:G,AF,permutation_importance
1:174618545:A:C,AF,permutation_importance
1:6162015:A:G,AF,permutation_importance
1:195185519:T:C,AF,permutation_importance
1:31215111:G:A,AF,permutation_importance
1:222607496:G:A,AF,permutation_importance
1:223408230:T:C,AF,permutation_importance
1:112215271:A:C,AF,permutation_importance
1:226399741:A:G,AF,permutation_importance
1:247623963:A:C,AF,permutation_importance
1:200667733:T:G,AF,permutation_importance
1:6672364:G:A,AF,permutation_importance
1:117540222:G:T,AF,permutation_importance
1:115181845:A:G,AF,permutation_importance
1:36484022:C:T,AF,permutation_importance
1:7503841:A:G,AF,permutation_importance
1:28400100:C:T,AF,permutation_importance
1:226435456:C:T,AF,permutation_importance
1:160688728:C:T,AF,permutation_importance
1:226887701:G:A,AF,permutation_importance
1:95025705:T:C,AF,permutation_importance
1:68335884:G:T,AF,permutation_importance
1:11119113:G:A,AF,permutation_importance
1:95976688:C:T,AF,permutation_importance
1:23180842:G:A,AF,permutation_importance
1:92819609:C:A,AF,permutation_importance
1:16056010:T:C,AF,permutation_importance
1:154460481:A:G,AF,permutation_importance
1:156135818:G:T,AF,permutation_importance
1:92263889:C:T,AF,permutation_importance
1:105455698:T:C,AF,permutation_importance
1:63749760:G:T,AF,permutation_importance
1:171042444:A:G,AF,permutation_importance
1:185112771:T:C,AF,permutation_importance
1:199505348:A:G,AF,permutation_importance
1:77403614:C:T,AF,permutation_importance
1:166684678:C:T,AF,permutation_importance
1:7343671:A:G,AF,permutation_importance
1:83867618:G:A,AF,permutation_importance
1:5143226:T:C,AF,permutation_importance
1:78566256:G:T,AF,permutation_importance
1:168984996:T:C,AF,permutation_importance
1:195706440:G:A,AF,permutation_importance
1:1837455:C:T,AF,permutation_importance
1:4845929:T:C,AF,permutation_importance
1:242771747:C:T,AF,permutation_importance
1:10431873:G:A,AF,permutation_importance
1:177971206:C:T,AF,permutation_importance
1:156836208:T:G,AF,permutation_importance
1:244298506:T:C,AF,permutation_importance
1:28082662:T:C,AF,permutation_importance
1:158480524:A:G,AF,permutation_importance
1:248382471:A:G,AF,permutation_importance
1:65552544:T:C,AF,permutation_importance
1:31095946:T:C,AF,permutation_importance
1:112299908:G:T,AF,permutation_importance
1:55460369:G:A,AF,permutation_importance
1:186692566:C:A,AF,permutation_importance
1:11940783:A:G,AF,permutation_importance
1:31062710:G:A,AF,permutation_importance
1:213960908:T:C,AF,permutation_importance
1:182540511:T:C,AF,permutation_importance
1:228184361:C:T,AF,permutation_importance
1:234622011:T:C,AF,permutation_importance
1:201528841:G:A,AF,permutation_importance
1:94961847:A:G,AF,permutation_importance
1:113652708:C:A,AF,permutation_importance
1:84142195:C:A,AF,permutation_importance
1:56963193:C:T,AF,permutation_importance
1:6905343:G:A,AF,permutation_importance
1:205279671:T:C,AF,permutation_importance
1:174881584:T:C,AF,permutation_importance
1:150389538:A:G,AF,permutation_importance
1:19218408:A:G,AF,permutation_importance
1:70967043:G:T,AF,permutation_importance
1:113009261:T:C,AF,permutation_importance
1:194844631:G:T,AF,permutation_importance
1:191206848:G:A,AF,permutation_importance
1:85120017:A:G,AF,permutation_importance
1:58326081:C:T,AF,permutation_importance
1:231579807:C:T,AF,permutation_importance
1:169317187:G:T,AF,permutation_importance
1:31620036:A:G,AF,permutation_importance
1:167455220:T:C,AF,permutation_importance
1:189667162:T:C,AF,permutation_importance
1:56748751:C:T,AF,permutation_importance
1:158498695:G:A,AF,permutation_importance
1:220804623:C:T,AF,permutation_importance
1:172412872:G:A,AF,permutation_importance
1:77726042:T:C,AF,permutation_importance
1:43757239:A:G,AF,permutation_importance
1:119702235:T:G,AF,permutation_importance
1:248367360:C:T,AF,permutation_importance
1:55838474:G:T,AF,permutation_importance
1:98902181:C:T,AF,permutation_importance
1:46595983:C:A,AF,permutation_importance
1:26693642:C:T,AF,permutation_importance
1:209123372:A:G,AF,permutation_importance
1:24560327:G:A,AF,permutation_importance
1:110395178:C:T,AF,permutation_importance
1:230266086:C:T,AF,permutation_importance
1:72432302:C:A,AF,permutation_importance
1:62341865:G:T,AF,permutation_importance
1:21626653:A:G,AF,permutation_importance
1:188568713:A:G,AF,permutation_importance
1:54252816:T:C,AF,permutation_importance
1:47528235:G:T,AF,permutation_importance
1:59807247:A:G,AF,permutation_importance
1:199999924:C:T,AF,permutation_importance
1:227321564:C:A,AF,permutation_importance
1:42805257:G:A,AF,permutation_importance
1:174013723:A:G,AF,permutation_importance
1:196963023:G:T,AF,permutation_importance
1:174773662:T:C,AF,permutation_importance
1:25687533:A:G,AF,permutation_importance
1:76707331:G:A,AF,permutation_importance
1:51936357:T:C,AF,permutation_importance
1:83753516:G:A,AF,permutation_importance
1:6913204:G:A,AF,permutation_importance
1:245168881:G:T,AF,permutation_importance
1:55978862:C:A,AF,permutation_importance
1:90592757:C:T,AF,permutation_importance
1:52602758:G:A,AF,permutation_importance
1:171507545:A:G,AF,permutation_importance
1:10469137:T:C,AF,permutation_importance
1:26795430:C:A,AF,permutation_importance
1:114169806:G:T,AF,permutation_importance
1:60109109:T:C,AF,permutation_importance
1:24694690:G:A,AF,permutation_importance
1:241741936:A:G,AF,permutation_importance
1:24851494:C:A,AF,permutation_importance
1:230290771:C:T,AF,permutation_importance
1:65640786:A:G,AF,permutation_importance
1:65584794:G:A,AF,permutation_importance
1:189614411:T:C,AF,permutation_importance
1:231583371:T:C,AF,permutation_importance
1:229766208:C:T,AF,permutation_importance
1:211849890:T:C,AF,permutation_importance
1:234757649:T:C,AF,permutation_importance
1:222781876:C:A,AF,permutation_importance
1:151110627:A:G,AF,permutation_importance
1:186515018:G:A,AF,permutation_importance
1:7082702:C:T,AF,permutation_importance
1:49645178:G:A,AF,permutation_importance
1:236021999:A:G,AF,permutation_importance
1:57384373:G:A,AF,permutation_importance
1:90517719:C:T,AF,permutation_importance
1:54198313:T:C,AF,permutation_importance
1:185269537:G:A,AF,permutation_importance
1:93763834:G:A,AF,permutation_importance
1:195322046:A:G,AF,permutation_importance
1:25491214:C:T,AF,permutation_importance
1:222905690:T:C,AF,permutation_importance
1:160218489:C:A,AF,permutation_importance
1:156939194:T:C,AF,permutation_importance
1:22158645:G:A,AF,permutation_importance
1:50472787:T:G,AF,permutation_importance
1:231893589:G:A,AF,permutation_importance
1:92838308:A:G,AF,permutation_importance
1:154511392:G:A,AF,permutation_importance
1:240004093:A:G,AF,permutation_importance
1:26536878:C:T,AF,permutation_importance
1:219425829:A:G,AF,permutation_importance
1:83899970:T:G,AF,permutation_importance
1:238470338:A:G,AF,permutation_importance
1:93515291:A:C,AF,permutation_importance
1:150764744:A:G,AF,permutation_importance
1:95819075:T:C,AF,permutation_importance
1:202985163:T:C,AF,permutation_importance
1:214799160:T:C,AF,permutation_importance
1:58386996:G:A,AF,permutation_importance
1:227026865:A:G,AF,permutation_importance
1:199954892:G:T,AF,permutation_importance
1:167090596:A:G,AF,permutation_importance
1:235417613:G:A,AF,permutation_importance
1:100624047:A:C,AF,permutation_importance
1:42151239:G:A,AF,permutation_importance
1:31062710:G:A,AF,permutation_importance
1:205323562:G:A,AF,permutation_importance
1:221052535:A:G,AF,permutation_importance
1:69585382:A:C,AF,permutation_importance
1:6856150:G:A,AF,permutation_importance
1:83893367:C:A,AF,permutation_importance
1:6880681:T:C,AF,permutation_importance
1:65087873:G:A,AF,permutation_importance
1:22067487:G:A,AF,permutation_importance
1:188975231:G:A,AF,permutation_importance
1:104767388:C:T,AF,permutation_importance
1:201268525:A:C,AF,permutation_importance
1:111832740:C:T,AF,permutation_importance
1:100674358:T:C,AF,permutation_importance
1:84010985:T:C,AF,permutation_importance
1:2398369:A:G,AF,permutation_importance
1:147804263:T:C,AF,permutation_importance
1:83723901:A:G,AF,permutation_importance
1:228032181:C:A,AF,permutation_importance
1:7733452:A:G,AF,permutation_importance
1:119544859:G:A,AF,permutation_importance
1:42230409:T:C,AF,permutation_importance
1:186456654:A:C,AF,permutation_importance
1:10148710:T:C,AF,permutation_importance
1:119702550:T:C,AF,permutation_importance
1:194198361:C:T,AF,permutation_importance
1:242967628:T:C,AF,permutation_importance
1:62895550:C:T,AF,permutation_importance
1:9387312:T:C,AF,permutation_importance
1:207048584:T:G,AF,permutation_importance
1:1979552:C:T,AF,permutation_importance
1:211566702:C:T,AF,permutation_importance
1:211079576:C:T,AF,permutation_importance
1:193640531:C:T,AF,permutation_importance
1:10536967:A:G,AF,permutation_importance
1:28637775:T:C,AF,permutation_importance
1:35253555:A:G,AF,permutation_importance
1:37723262:T:C,AF,permutation_importance
1:50890151:A:G,AF,permutation_importance
1:212859666:G:A,AF,permutation_importance
1:57827444:T:C,AF,permutation_importance
1:79051086:T:C,AF,permutation_importance
1:215640036:A:G,AF,permutation_importance
1:210286792:C:T,AF,permutation_importance
1:238855103:G:A,AF,permutation_importance
1:190403026:C:T,AF,permutation_importance
1:241004780:G:A,AF,permutation_importance
1:177357370:A:C,AF,permutation_importance
1:6008761:C:T,AF,permutation_importance
1:156135546:C:T,AF,permutation_importance
1:15490595:C:T,AF,permutation_importance
1:232216916:C:T,AF,permutation_importance
1:177987862:G:A,AF,permutation_importance
1:154939322:A:G,AF,permutation_importance
1:178018441:T:C,AF,permutation_importance
1:78200003:A:C,AF,permutation_importance
1:241040043:T:C,AF,permutation_importance
1:110694717:A:G,AF,permutation_importance
1:183685190:C:T,AF,permutation_importance
1:205787040:A:G,AF,permutation_importance
1:166130753:A:G,AF,permutation_importance
1:63440021:G:A,AF,permutation_importance
1:236375817:G:A,AF,permutation_importance
1:197825140:C:T,AF,permutation_importance
1:203977407:G:T,AF,permutation_importance
1:109961738:C:T,AF,permutation_importance
1:23813366:A:C,AF,permutation_importance
1:65999995:A:G,AF,permutation_importance
1:74638085:C:A,AF,permutation_importance
1:98217881:T:C,AF,permutation_importance
1:28479656:T:C,AF,permutation_importance
1:231357151:C:T,AF,permutation_importance
1:61361339:G:A,AF,permutation_importance
1:65634767:G:A,AF,permutation_importance
1:222460713:A:G,AF,permutation_importance
1:104940924:T:C,AF,permutation_importance
1:213784265:A:G,AF,permutation_importance
1:224631407:A:G,AF,permutation_importance
1:100081035:T:C,AF,permutation_importance
1:7867584:A:G,AF,permutation_importance
1:9729523:C:A,AF,permutation_importance
1:97323702:G:A,AF,permutation_importance
1:28240990:A:G,AF,permutation_importance
1:154460481:A:G,AF,permutation_importance
1:171094121:G:A,AF,permutation_importance
1:50951151:C:T,AF,permutation_importance
1:225461837:G:A,AF,permutation_importance
1:39163208:G:A,AF,permutation_importance
1:200918529:C:T,AF,permutation_importance
1:105586164:A:C,AF,permutation_importance
1:150306238:T:G,AF,permutation_importance
1:72803164:T:C,AF,permutation_importance
1:232908032:T:C,AF,permutation_importance
1:151410903:T:C,AF,permutation_importance
1:109565685:G:A,AF,permutation_importance
1:79051775:G:T,AF,permutation_importance
1:93817790:A:C,AF,permutation_importance
1:179472117:G:A,AF,permutation_importance
1:222636274:C:T,AF,permutation_importance
1:203064776:A:G,AF,permutation_importance
1:225455790:G:A,AF,permutation_importance
1:196281459:G:A,AF,permutation_importance
1:174586137:A:G,AF,permutation_importance
1:240937925:T:C,AF,permutation_importance
1:237397914:G:T,AF,permutation_importance
1:236738099:C:T,AF,permutation_importance
1:178045532:G:A,AF,permutation_importance
1:69676603:T:G,AF,permutation_importance
1:13852427:A:C,AF,permutation_importance
1:8927200:C:T,AF,permutation_importance
1:78157646:A:G,AF,permutation_importance
1:29092881:G:A,AF,permutation_importance
1:172456637:G:A,AF,permutation_importance
1:206655204:G:A,AF,permutation_importance
1:81095988:C:T,AF,permutation_importance
1:117017920:A:G,AF,permutation_importance
1:109073705:C:T,AF,permutation_importance
1:214301546:A:G,AF,permutation_importance
1:179518265:C:T,AF,permutation_importance
1:193638186:C:T,AF,permutation_importance
1:243092519:G:A,AF,permutation_importance
1:205666820:A:G,AF,permutation_importance
1:54439478:T:C,AF,permutation_importance
1:228021604:G:A,AF,permutation_importance
1:72766871:C:T,AF,permutation_importance
1:201912156:A:G,AF,permutation_importance
1:161599096:A:G,AF,permutation_importance
1:22408098:A:G,AF,permutation_importance
1:115048432:T:G,AF,permutation_importance
1:118649008:A:G,AF,permutation_importance
1:234735170:C:T,AF,permutation_importance
1:31544698:T:C,AF,permutation_importance
1:239641078:C:A,AF,permutation_importance
1:225341191:G:A,AF,permutation_importance
1:69859185:C:T,AF,permutation_importance
1:210374145:A:C,AF,permutation_importance
1:27465360:C:T,AF,permutation_importance
1:210060891:C:T,AF,permutation_importance
1:50890151:A:G,AF,permutation_importance
1:151353403:A:C,AF,permutation_importance
1:6037961:G:A,AF,permutation_importance
1:175215902:C:T,AF,permutation_importance
1:55417097:G:A,AF,permutation_importance
1:194840285:C:T,AF,permutation_importance
1:109519188:C:T,AF,permutation_importance
1:26385487:T:C,AF,permutation_importance
1:56858839:A:G,AF,permutation_importance
1:47714820:C:T,AF,permutation_importance
1:10034487:A:C,AF,permutation_importance
1:178206907:G:A,AF,permutation_importance
1:106345366:G:T,AF,permutation_importance
1:96318596:T:C,AF,permutation_importance
1:87073279:G:A,AF,permutation_importance
1:220086481:C:T,AF,permutation_importance
1:227776698:T:C,AF,permutation_importance
1:229723561:C:T,AF,permutation_importance
1:168336603:A:C,AF,permutation_importance
1:218455583:A:G,AF,permutation_importance
1:209850442:G:A,AF,permutation_importance
1:231388011:G:A,AF,permutation_importance
1:230367540:C:T,AF,permutation_importance
1:55183755:T:C,AF,permutation_importance
1:197407096:G:A,AF,permutation_importance
1:87456124:T:C,AF,permutation_importance
1:171605165:G:A,AF,permutation_importance
1:193331666:G:A,AF,permutation_importance
1:220921376:A:G,AF,permutation_importance
1:107308711:G:T,AF,permutation_importance
1:69633771:A:G,AF,permutation_importance
1:2441948:C:A,AF,permutation_importance
1:212775816:A:G,AF,permutation_importance
1:210181241:A:G,AF,permutation_importance
1:90208867:C:T,AF,permutation_importance
1:93564977:C:T,AF,permutation_importance
1:179709053:C:T,AF,permutation_importance
1:73524037:G:A,AF,permutation_importance
1:210244031:C:T,AF,permutation_importance
1:163421124:T:C,AF,permutation_importance
1:220715522:T:C,AF,permutation_importance
1:6766799:T:C,AF,permutation_importance
1:94774082:G:A,AF,permutation_importance
1:185335727:G:A,AF,permutation_importance
1:62147628:G:A,AF,permutation_importance
1:63719744:G:A,AF,permutation_importance
1:208379688:G:A,AF,permutation_importance
1:11011037:G:A,AF,permutation_importance
1:204227679:G:A,AF,permutation_importance
1:53911057:A:G,AF,permutation_importance
1:236242617:G:A,AF,permutation_importance
1:28539548:C:T,AF,permutation_importance
1:67932120:G:A,AF,permutation_importance
1:97932209:C:T,AF,permutation_importance
1:150275637:T:G,AF,permutation_importance
1:181049002:T:C,AF,permutation_importance
1:189790955:A:G,AF,permutation_importance
1:62905294:C:T,AF,permutation_importance
1:165406100:G:A,AF,permutation_importance
1:27465360:C:T,AF,permutation_importance
1:247451315:C:T,AF,permutation_importance
1:106648170:A:C,AF,permutation_importance
1:157581160:C:T,AF,permutation_importance
1:167153966:G:A,AF,permutation_importance
1:153689632:G:A,AF,permutation_importance
1:9273958:G:A,AF,permutation_importance
1:73783542:C:T,AF,permutation_importance
1:14832151:G:A,AF,permutation_importance
1:21176003:G:A,AF,permutation_importance
1:102098013:A:C,AF,permutation_importance
1:56306037:C:T,AF,permutation_importance
1:102927442:C:T,AF,permutation_importance
1:111705343:G:T,AF,permutation_importance
1:55783825:C:T,AF,permutation_importance
1:198914050:C:T,AF,permutation_importance
1:19580219:G:A,AF,permutation_importance
1:15694824:T:C,AF,permutation_importance
1:184839799:A:G,AF,permutation_importance
1:154380879:A:G,AF,permutation_importance
1:64317814:T:C,AF,permutation_importance
1:169207352:T:C,AF,permutation_importance
1:17386402:G:A,AF,permutation_importance
1:40288313:A:G,AF,permutation_importance
1:238850149:T:C,AF,permutation_importance
1:31608165:C:T,AF,permutation_importance
1:75410788:C:T,AF,permutation_importance
1:94590869:A:G,AF,permutation_importance
1:107194804:A:G,AF,permutation_importance
1:13993966:T:C,AF,permutation_importance
